,0,1
0,3.0,0.0
1,4.0,0.0
2,5.0,0.0
3,6.0,0.0
4,7.0,0.27
5,8.0,0.05
6,11.0,0.1
7,12.0,0.16
8,13.0,0.31
9,14.0,0.01
10,15.0,1.0
11,16.0,0.43
12,17.0,0.02
13,18.0,0.09
14,19.0,0.0
15,20.0,0.04
16,21.0,0.12
17,22.0,0.0
18,23.0,0.0
19,24.0,0.0
20,26.0,0.0
21,27.0,0.0
22,30.0,0.0
23,31.0,0.0
24,32.0,0.0
25,33.0,0.0
26,35.0,0.0
27,36.0,0.02
28,37.0,0.04
29,38.0,0.03
30,39.0,0.0
31,40.0,0.0
32,41.0,0.0
33,42.0,0.0
34,43.0,0.38
35,44.0,0.02
36,45.0,2.0
37,46.0,0.78
38,47.0,0.25
39,48.0,0.01
40,54.0,0.26
41,58.0,0.43
42,59.0,1.51
43,60.0,0.1
44,61.0,0.15
45,62.0,0.08
46,63.0,0.65
47,64.0,0.05
48,65.0,0.0
49,66.0,0.26
50,67.0,0.29
51,68.0,0.68
52,69.0,0.27
53,70.0,0.0
54,71.0,0.1
55,72.0,0.82
56,80.0,0.24
57,81.0,0.0
58,82.0,0.06
59,83.0,0.22
60,88.0,0.23
61,89.0,0.0
62,90.0,0.0
63,91.0,0.29
64,92.0,0.03
65,93.0,0.0
66,94.0,0.41
67,95.0,0.27
68,96.0,0.27
69,97.0,0.02
70,98.0,0.0
71,99.0,0.05
72,100.0,0.25
73,101.0,0.06
74,102.0,0.0
75,103.0,0.22
76,104.0,0.35
77,105.0,0.42
78,106.0,0.87
79,107.0,0.0
80,108.0,0.0
81,109.0,0.0
82,110.0,0.02
83,111.0,0.0
84,112.0,0.0
85,113.0,0.25
86,114.0,0.32
87,119.0,0.16
88,121.0,0.0
89,122.0,0.12
90,123.0,0.0
91,124.0,0.0
92,125.0,0.0
93,126.0,0.18
94,127.0,0.1
95,128.0,0.59
96,129.0,0.0
97,130.0,0.0
98,131.0,0.25
99,132.0,0.0
100,133.0,0.0
101,134.0,0.02
102,135.0,0.01
103,136.0,0.15
104,137.0,0.22
105,138.0,0.0
106,139.0,0.0
107,143.0,0.01
108,144.0,0.4
109,145.0,0.01
110,146.0,0.45
111,147.0,0.5
112,148.0,0.44
113,149.0,0.14
114,150.0,0.53
115,151.0,0.18
116,152.0,0.34
117,153.0,0.03
118,154.0,0.0
119,157.0,0.0
120,158.0,0.0
121,159.0,0.0
122,160.0,0.01
123,161.0,0.0
124,162.0,0.0
125,163.0,0.37
126,164.0,0.0
127,165.0,0.0
128,171.0,0.0
129,178.0,0.25
130,179.0,0.02
131,180.0,0.0
132,193.0,0.23
133,194.0,0.0
134,195.0,0.0
135,196.0,0.22
136,197.0,0.62
137,198.0,0.31
138,199.0,0.55
139,200.0,0.02
140,201.0,0.0
141,202.0,0.0
142,267.0,0.02
143,268.0,0.14
144,269.0,0.02
145,270.0,0.08
146,271.0,0.0
147,272.0,0.0
148,273.0,0.0
149,276.0,0.26
150,277.0,0.65
151,278.0,0.07
152,279.0,0.06
153,280.0,0.02
154,281.0,0.0
155,282.0,0.24
156,283.0,0.39
157,284.0,0.2
158,285.0,0.0
159,286.0,0.0
160,287.0,0.0
161,288.0,0.05
162,289.0,0.0
163,290.0,0.0
164,291.0,0.0
165,292.0,0.0
166,293.0,0.0
167,295.0,0.0
168,296.0,0.0
169,297.0,0.0
170,298.0,0.0
171,299.0,0.0
172,300.0,0.0
173,301.0,0.07
174,302.0,0.04
175,303.0,0.19
176,304.0,0.0
177,305.0,0.0
178,306.0,0.5
179,307.0,0.0
180,308.0,0.05
181,309.0,0.31
182,310.0,0.21
183,311.0,0.03
184,312.0,0.05
185,313.0,0.0
186,314.0,0.0
187,315.0,0.16
188,316.0,0.04
189,319.0,0.0
190,320.0,0.55
191,321.0,1.08
192,322.0,0.19
193,325.0,0.88
194,326.0,0.15
195,327.0,0.92
196,328.0,0.08
197,329.0,0.0
198,330.0,0.0
199,331.0,0.47
200,332.0,0.0
201,333.0,0.06
202,334.0,0.01
203,335.0,0.0
204,336.0,0.0
205,337.0,0.0
206,338.0,0.0
207,339.0,0.0
208,340.0,0.0
209,341.0,0.0
210,344.0,0.01
211,345.0,0.01
212,348.0,0.1
213,349.0,0.02
214,350.0,0.01
215,351.0,0.02
216,352.0,0.03
217,353.0,0.0
218,354.0,0.0
219,363.0,1.44
220,364.0,0.68
221,0.0,0.0
222,1.0,0.0
223,2.0,0.05
224,3.0,0.0
225,4.0,0.06
226,5.0,0.02
227,6.0,0.05
228,7.0,0.0
229,8.0,0.0
230,9.0,0.09
231,10.0,0.0
232,11.0,0.0
233,12.0,0.0
234,13.0,0.0
235,14.0,0.13
236,15.0,0.0
237,16.0,0.16
238,17.0,1.34
239,18.0,2.2
240,19.0,0.56
241,20.0,0.63
242,21.0,0.13
243,22.0,0.0
244,23.0,0.25
245,24.0,1.02
246,25.0,0.27
247,26.0,0.01
248,27.0,0.0
249,28.0,0.0
250,29.0,0.28
251,30.0,0.02
252,31.0,0.23
253,32.0,0.0
254,33.0,0.0
255,38.0,0.21
256,39.0,0.23
257,40.0,0.03
258,41.0,0.25
259,42.0,0.0
260,43.0,0.15
261,44.0,0.0
262,45.0,0.19
263,46.0,0.0
264,47.0,0.04
265,48.0,0.18
266,49.0,0.14
267,50.0,0.2
268,51.0,0.43
269,54.0,0.0
270,55.0,0.44
271,56.0,0.21
272,57.0,0.02
273,58.0,0.0
274,59.0,1.3
275,59.0,0.67
276,60.0,0.13
277,61.0,0.01
278,62.0,0.0
279,63.0,0.0
280,64.0,0.5
281,65.0,0.03
282,66.0,0.0
283,67.0,0.0
284,72.0,0.12
285,73.0,0.25
286,74.0,1.39
287,75.0,0.37
288,76.0,0.07
289,77.0,0.06
290,78.0,0.13
291,79.0,2.05
292,80.0,1.88
293,81.0,0.0
294,82.0,0.0
295,83.0,0.0
296,84.0,0.25
297,85.0,0.04
298,86.0,0.18
299,87.0,0.06
300,93.0,0.3
301,94.0,0.7
302,95.0,0.01
303,96.0,0.0
304,97.0,0.0
305,98.0,0.0
306,100.0,0.88
307,101.0,0.38
308,102.0,0.2
309,103.0,0.08
310,104.0,0.0
311,105.0,0.29
312,106.0,0.14
313,107.0,0.26
314,108.0,0.28
315,109.0,0.25
316,110.0,0.0
317,111.0,0.0
318,112.0,0.0
319,113.0,0.0
320,114.0,0.0
321,115.0,0.37
322,116.0,0.26
323,117.0,0.05
324,118.0,0.0
325,119.0,0.14
326,120.0,0.06
327,121.0,0.0
328,122.0,0.47
329,123.0,0.1
330,124.0,0.08
331,125.0,0.0
332,126.0,0.0
333,127.0,0.0
334,128.0,0.0
335,129.0,0.0
336,130.0,0.0
337,140.0,0.0
338,141.0,0.4
339,142.0,0.13
340,143.0,0.13
341,144.0,0.85
342,145.0,0.1
343,146.0,0.0
344,151.0,0.0
345,152.0,0.2
346,153.0,0.0
347,154.0,0.52
348,155.0,0.41
349,156.0,0.12
350,157.0,0.18
351,158.0,0.15
352,159.0,0.37
353,160.0,0.01
354,161.0,0.0
355,162.0,0.01
356,163.0,0.02
357,164.0,0.0
358,165.0,0.0
359,166.0,0.0
360,167.0,0.02
361,168.0,0.0
362,172.0,0.0
363,173.0,0.73
364,174.0,0.33
365,175.0,0.05
366,176.0,0.33
367,177.0,0.08
368,178.0,0.0
369,179.0,0.02
370,182.0,0.01
371,183.0,0.02
372,184.0,0.0
373,185.0,0.0
374,186.0,0.0
375,187.0,0.0
376,188.0,0.0
377,189.0,0.0
378,190.0,0.0
379,191.0,0.0
380,193.0,0.0
381,194.0,0.0
382,195.0,0.0
383,196.0,0.0
384,197.0,0.0
385,198.0,0.05
386,199.0,0.01
387,200.0,0.2
388,222.0,0.0
389,223.0,0.0
390,226.0,0.0
391,229.0,0.02
392,230.0,0.0
393,233.0,0.0
394,234.0,0.0
395,235.0,0.0
396,252.0,0.0
397,253.0,0.06
398,254.0,0.0
399,255.0,0.0
400,256.0,0.0
401,262.0,0.0
402,263.0,0.0
403,264.0,0.0
404,265.0,0.01
405,266.0,0.0
406,267.0,0.0
407,268.0,0.0
408,273.0,0.0
409,274.0,0.0
410,275.0,0.0
411,283.0,0.0
412,284.0,0.0
413,285.0,0.53
414,286.0,0.01
415,287.0,0.54
416,288.0,1.56
417,289.0,0.01
418,290.0,0.0
419,291.0,0.01
420,295.0,0.29
421,296.0,0.32
422,297.0,0.03
423,298.0,0.0
424,299.0,0.01
425,300.0,0.53
426,301.0,0.21
427,302.0,0.36
428,305.0,0.05
429,306.0,0.19
430,307.0,0.01
431,308.0,0.0
432,309.0,0.0
433,310.0,0.01
434,311.0,0.0
435,312.0,0.11
436,313.0,0.03
437,314.0,0.0
438,315.0,0.45
439,316.0,0.18
440,317.0,0.01
441,318.0,0.0
442,319.0,0.0
443,323.0,3.48
444,324.0,0.98
445,325.0,0.25
446,326.0,0.0
447,327.0,0.89
448,328.0,0.54
449,329.0,0.0
450,330.0,0.01
451,331.0,0.01
452,332.0,0.06
453,333.0,1.05
454,334.0,1.2
455,335.0,1.42
456,336.0,0.06
457,337.0,0.35
458,338.0,0.49
459,339.0,0.02
460,340.0,0.0
461,341.0,0.01
462,342.0,0.03
463,343.0,0.05
464,344.0,0.01
465,345.0,0.23
466,346.0,0.01
467,347.0,0.07
468,348.0,0.13
469,349.0,0.32
470,350.0,0.96
471,351.0,0.62
472,352.0,0.15
473,353.0,0.48
474,354.0,0.86
475,355.0,0.29
476,356.0,0.39
477,357.0,0.54
478,358.0,0.19
479,359.0,0.21
480,360.0,0.15
481,361.0,0.01
482,362.0,0.0
483,363.0,0.0
484,364.0,0.0
485,0.0,0.01
486,1.0,0.0
487,2.0,0.0
488,3.0,0.0
489,4.0,0.0
490,5.0,0.01
491,6.0,0.05
492,7.0,0.01
493,8.0,0.19
494,9.0,0.26
495,10.0,0.08
496,11.0,0.0
497,12.0,0.0
498,13.0,0.0
499,14.0,0.0
500,15.0,0.0
501,16.0,0.0
502,17.0,0.0
503,22.0,0.0
504,23.0,0.38
505,24.0,0.49
506,25.0,0.23
507,26.0,0.29
508,27.0,0.23
509,28.0,0.19
510,29.0,0.11
511,30.0,0.05
512,31.0,0.0
513,32.0,0.0
514,33.0,0.01
515,34.0,0.0
516,35.0,0.14
517,38.0,0.03
518,39.0,0.0
519,40.0,0.05
520,41.0,0.0
521,42.0,0.05
522,43.0,0.03
523,44.0,0.0
524,45.0,0.0
525,46.0,0.0
526,48.0,0.0
527,49.0,0.1
528,50.0,0.02
529,51.0,0.18
530,52.0,0.08
531,53.0,0.21
532,54.0,0.25
533,55.0,0.08
534,56.0,0.06
535,59.0,0.03
536,60.0,0.0
537,71.0,0.0
538,72.0,0.0
539,73.0,0.01
540,74.0,0.0
541,75.0,0.12
542,76.0,0.0
543,77.0,0.0
544,78.0,0.84
545,79.0,0.18
546,80.0,0.04
547,85.0,0.02
548,86.0,0.11
549,91.0,0.0
550,92.0,0.0
551,93.0,0.03
552,95.0,0.56
553,96.0,0.46
554,97.0,0.23
555,98.0,0.02
556,101.0,0.0
557,102.0,0.02
558,103.0,0.01
559,104.0,0.2
560,105.0,0.15
561,106.0,0.0
562,107.0,0.0
563,108.0,0.15
564,109.0,0.14
565,110.0,0.0
566,111.0,0.0
567,112.0,0.0
568,113.0,0.0
569,114.0,0.0
570,115.0,0.0
571,116.0,0.0
572,117.0,0.0
573,118.0,0.01
574,119.0,0.03
575,120.0,0.0
576,121.0,0.0
577,122.0,0.0
578,125.0,0.0
579,126.0,0.0
580,127.0,0.0
581,128.0,0.0
582,129.0,0.0
583,130.0,0.0
584,131.0,0.0
585,132.0,0.02
586,143.0,0.12
587,144.0,0.02
588,145.0,0.41
589,146.0,0.31
590,147.0,0.08
591,148.0,0.29
592,149.0,0.0
593,150.0,0.01
594,151.0,0.0
595,152.0,0.0
596,153.0,0.0
597,154.0,0.0
598,155.0,0.0
599,156.0,0.0
600,157.0,0.0
601,158.0,0.0
602,159.0,0.0
603,160.0,0.0
604,161.0,0.0
605,162.0,0.0
606,163.0,0.14
607,164.0,0.36
608,167.0,0.0
609,168.0,0.0
610,169.0,0.08
611,170.0,0.05
612,171.0,0.44
613,172.0,0.01
614,173.0,0.0
615,174.0,0.22
616,175.0,0.05
617,176.0,0.42
618,177.0,0.01
619,178.0,0.0
620,185.0,0.0
621,188.0,0.0
622,189.0,0.0
623,190.0,0.0
624,191.0,0.0
625,192.0,0.0
626,193.0,0.0
627,196.0,0.0
628,199.0,0.0
629,200.0,0.0
630,202.0,0.0
631,203.0,0.0
632,204.0,0.0
633,205.0,0.0
634,206.0,0.0
635,210.0,0.0
636,213.0,0.0
637,214.0,0.0
638,215.0,0.0
639,216.0,0.0
640,219.0,0.0
641,220.0,0.0
642,221.0,0.01
643,222.0,0.01
644,223.0,0.0
645,224.0,0.0
646,225.0,0.0
647,226.0,0.0
648,227.0,0.0
649,228.0,0.0
650,229.0,0.0
651,232.0,0.0
652,233.0,0.0
653,234.0,0.0
654,235.0,0.0
655,238.0,0.0
656,239.0,0.0
657,258.0,0.0
658,259.0,0.0
659,260.0,0.84
660,261.0,0.01
661,262.0,0.0
662,263.0,0.45
663,264.0,0.1
664,265.0,0.22
665,266.0,0.22
666,267.0,0.61
667,268.0,0.04
668,269.0,0.0
669,270.0,0.36
670,271.0,1.62
671,272.0,2.13
672,273.0,0.25
673,274.0,0.19
674,275.0,0.38
675,276.0,0.01
676,281.0,0.22
677,282.0,0.0
678,283.0,0.0
679,284.0,0.0
680,285.0,0.0
681,286.0,0.0
682,287.0,0.0
683,288.0,0.0
684,289.0,0.0
685,290.0,0.0
686,291.0,0.0
687,292.0,0.0
688,293.0,0.0
689,294.0,0.0
690,295.0,0.0
691,296.0,0.0
692,297.0,0.0
693,298.0,0.02
694,299.0,0.01
695,300.0,0.19
696,301.0,0.0
697,302.0,0.0
698,303.0,0.0
699,304.0,0.05
700,305.0,0.34
701,306.0,0.12
702,307.0,0.19
703,308.0,0.32
704,309.0,0.03
705,310.0,0.01
706,311.0,0.47
707,312.0,0.01
708,313.0,0.0
709,314.0,0.0
710,315.0,0.26
711,316.0,0.06
712,317.0,0.01
713,318.0,0.04
714,319.0,0.04
715,320.0,0.08
716,321.0,0.0
717,322.0,0.31
718,323.0,0.59
719,324.0,0.0
720,325.0,0.0
721,326.0,0.0
722,329.0,0.0
723,332.0,0.0
724,333.0,0.01
725,334.0,0.0
726,335.0,0.67
727,336.0,0.17
728,337.0,0.03
729,338.0,0.0
730,339.0,0.13
731,340.0,0.27
732,341.0,0.0
733,345.0,0.0
734,346.0,0.23
735,347.0,0.01
736,348.0,0.0
737,349.0,0.0
738,350.0,0.0
739,351.0,0.0
740,352.0,0.03
741,353.0,0.01
742,354.0,0.14
743,355.0,0.09
744,356.0,0.01
745,357.0,0.06
746,358.0,0.0
747,361.0,0.01
748,362.0,0.0
749,363.0,0.0
750,2.0,0.12
751,3.0,0.01
752,4.0,0.0
753,5.0,0.0
754,6.0,0.11
755,7.0,0.25
756,8.0,0.37
757,9.0,0.09
758,10.0,0.53
759,11.0,0.6
760,12.0,0.08
761,13.0,0.0
762,14.0,0.0
763,15.0,0.0
764,23.0,0.0
765,24.0,0.0
766,25.0,0.0
767,26.0,0.0
768,27.0,0.06
769,28.0,0.82
770,29.0,0.05
771,30.0,0.04
772,31.0,0.06
773,32.0,0.0
774,33.0,0.06
775,34.0,0.02
776,35.0,0.03
777,36.0,0.02
778,37.0,0.38
779,41.0,0.13
780,42.0,1.01
781,43.0,0.31
782,44.0,1.49
783,45.0,0.67
784,46.0,1.07
785,47.0,0.02
786,48.0,0.43
787,49.0,0.69
788,50.0,0.02
789,51.0,0.15
790,52.0,0.01
791,53.0,0.0
792,54.0,0.3
793,55.0,0.01
794,56.0,0.0
795,57.0,0.15
796,58.0,0.15
797,59.0,0.27
798,60.0,0.38
799,61.0,0.33
800,62.0,0.05
801,63.0,0.32
802,64.0,0.4
803,65.0,0.55
804,66.0,0.01
805,67.0,0.63
806,68.0,0.54
807,69.0,0.03
808,70.0,0.0
809,71.0,0.0
810,72.0,0.12
811,73.0,0.02
812,74.0,0.0
813,75.0,0.44
814,76.0,0.01
815,77.0,0.0
816,78.0,0.04
817,79.0,0.0
818,80.0,0.0
819,81.0,0.0
820,82.0,0.0
821,83.0,0.07
822,84.0,0.62
823,85.0,0.71
824,86.0,0.46
825,87.0,0.83
826,88.0,0.21
827,89.0,0.01
828,90.0,0.19
829,91.0,0.0
830,92.0,0.0
831,93.0,0.06
832,94.0,0.17
833,95.0,0.04
834,96.0,0.01
835,97.0,0.0
836,98.0,0.04
837,99.0,0.0
838,100.0,0.0
839,101.0,0.0
840,102.0,0.0
841,103.0,0.0
842,104.0,0.0
843,105.0,0.0
844,106.0,0.0
845,107.0,0.48
846,108.0,0.0
847,109.0,0.02
848,110.0,0.0
849,111.0,0.14
850,112.0,0.21
851,113.0,0.6
852,114.0,0.59
853,115.0,0.04
854,116.0,0.23
855,117.0,0.18
856,118.0,0.0
857,119.0,0.0
858,120.0,0.0
859,121.0,0.0
860,125.0,0.01
861,126.0,0.0
862,127.0,0.08
863,128.0,0.4
864,129.0,0.42
865,130.0,0.04
866,131.0,0.0
867,132.0,0.0
868,133.0,0.0
869,134.0,0.0
870,135.0,0.0
871,136.0,0.0
872,137.0,0.19
873,138.0,0.31
874,139.0,0.0
875,140.0,0.0
876,141.0,0.0
877,142.0,0.0
878,145.0,0.01
879,146.0,0.0
880,155.0,0.0
881,156.0,0.0
882,157.0,0.0
883,158.0,0.0
884,159.0,0.0
885,160.0,0.0
886,161.0,0.0
887,162.0,0.0
888,168.0,0.01
889,169.0,0.0
890,170.0,0.0
891,171.0,0.01
892,172.0,0.0
893,173.0,0.0
894,174.0,0.01
895,175.0,0.0
896,176.0,0.61
897,177.0,0.15
898,178.0,0.06
899,179.0,0.01
900,180.0,0.0
901,181.0,0.0
902,182.0,0.0
903,183.0,0.0
904,184.0,0.0
905,187.0,0.0
906,188.0,0.0
907,190.0,0.0
908,191.0,0.0
909,192.0,0.0
910,193.0,0.0
911,194.0,0.0
912,195.0,0.0
913,196.0,0.0
914,197.0,0.0
915,198.0,0.0
916,199.0,0.0
917,200.0,0.0
918,201.0,0.0
919,202.0,0.03
920,203.0,0.08
921,204.0,0.2
922,205.0,0.0
923,206.0,0.0
924,207.0,0.0
925,208.0,0.0
926,209.0,0.0
927,210.0,0.0
928,211.0,0.0
929,212.0,0.01
930,216.0,0.0
931,217.0,0.0
932,218.0,0.0
933,223.0,0.0
934,224.0,0.01
935,225.0,0.02
936,226.0,0.01
937,227.0,0.0
938,228.0,0.0
939,229.0,0.0
940,230.0,0.0
941,233.0,0.0
942,237.0,0.0
943,238.0,0.0
944,239.0,0.0
945,240.0,0.0
946,241.0,0.0
947,246.0,0.0
948,252.0,0.0
949,253.0,0.0
950,254.0,0.0
951,255.0,0.0
952,256.0,0.0
953,257.0,0.0
954,258.0,0.0
955,259.0,0.0
956,260.0,0.0
957,265.0,0.0
958,266.0,1.23
959,267.0,0.23
960,268.0,0.18
961,269.0,0.0
962,270.0,0.0
963,271.0,0.0
964,272.0,0.09
965,273.0,0.03
966,274.0,0.0
967,275.0,0.0
968,276.0,0.0
969,277.0,0.0
970,279.0,0.0
971,285.0,0.0
972,286.0,0.18
973,287.0,1.0
974,288.0,0.07
975,289.0,0.01
976,290.0,0.05
977,291.0,0.0
978,292.0,0.19
979,293.0,0.43
980,294.0,0.03
981,295.0,0.79
982,296.0,0.08
983,300.0,0.03
984,301.0,0.08
985,303.0,0.94
986,304.0,0.02
987,305.0,0.03
988,306.0,0.32
989,307.0,0.36
990,308.0,0.02
991,309.0,0.0
992,310.0,0.06
993,311.0,0.01
994,312.0,0.0
995,313.0,0.05
996,314.0,0.0
997,315.0,0.0
998,316.0,0.32
999,317.0,3.09
1000,318.0,0.1
1001,319.0,0.0
1002,320.0,0.0
1003,321.0,0.0
1004,322.0,0.0
1005,323.0,0.19
1006,324.0,0.02
1007,325.0,0.81
1008,326.0,0.23
1009,327.0,0.01
1010,328.0,0.0
1011,329.0,0.0
1012,330.0,0.05
1013,331.0,0.7
1014,332.0,0.81
1015,333.0,0.07
1016,334.0,0.01
1017,335.0,0.89
1018,336.0,0.04
1019,337.0,0.58
1020,338.0,0.32
1021,339.0,0.4
1022,340.0,0.0
1023,341.0,0.01
1024,342.0,0.01
1025,343.0,0.13
1026,344.0,0.74
1027,345.0,0.12
1028,346.0,0.01
1029,347.0,0.0
1030,348.0,0.14
1031,349.0,0.09
1032,350.0,0.01
1033,351.0,0.09
1034,352.0,0.54
1035,353.0,0.59
1036,354.0,1.2
1037,355.0,0.88
1038,356.0,0.05
1039,357.0,0.37
1040,358.0,0.54
1041,359.0,0.06
1042,360.0,0.0
1043,361.0,0.2
1044,362.0,0.21
1045,363.0,0.05
1046,364.0,0.0
1047,0.0,0.0
1048,1.0,0.0
1049,2.0,0.0
1050,3.0,0.07
1051,4.0,0.01
1052,5.0,0.0
1053,6.0,0.0
1054,15.0,0.53
1055,16.0,0.3
1056,17.0,0.67
1057,18.0,0.05
1058,19.0,0.0
1059,20.0,0.0
1060,21.0,0.0
1061,22.0,0.01
1062,23.0,0.02
1063,24.0,0.0
1064,25.0,0.0
1065,26.0,0.01
1066,27.0,0.01
1067,28.0,0.0
1068,29.0,0.0
1069,30.0,0.0
1070,31.0,0.03
1071,32.0,0.4
1072,33.0,0.76
1073,34.0,0.13
1074,35.0,0.03
1075,36.0,0.4
1076,37.0,1.15
1077,38.0,0.47
1078,39.0,0.27
1079,40.0,0.95
1080,41.0,0.01
1081,42.0,0.0
1082,43.0,0.0
1083,44.0,0.0
1084,47.0,0.0
1085,48.0,0.01
1086,49.0,0.0
1087,50.0,0.0
1088,51.0,0.0
1089,52.0,0.0
1090,53.0,0.0
1091,54.0,0.0
1092,55.0,0.0
1093,56.0,0.02
1094,57.0,0.28
1095,58.0,0.12
1096,59.0,0.0
1097,60.0,0.01
1098,61.0,0.0
1099,62.0,0.0
1100,63.0,0.0
1101,64.0,0.0
1102,65.0,0.0
1103,66.0,0.0
1104,67.0,0.0
1105,68.0,0.0
1106,69.0,0.08
1107,70.0,0.2
1108,71.0,0.01
1109,72.0,0.03
1110,73.0,0.91
1111,74.0,0.2
1112,75.0,0.0
1113,76.0,0.03
1114,77.0,0.0
1115,78.0,0.0
1116,79.0,0.54
1117,80.0,0.18
1118,81.0,0.33
1119,82.0,0.45
1120,83.0,0.05
1121,84.0,0.01
1122,85.0,0.0
1123,91.0,0.33
1124,92.0,0.0
1125,93.0,0.12
1126,94.0,0.0
1127,95.0,0.09
1128,96.0,0.06
1129,97.0,0.09
1130,98.0,0.04
1131,99.0,0.0
1132,100.0,0.08
1133,101.0,0.01
1134,102.0,0.0
1135,103.0,0.43
1136,104.0,0.16
1137,105.0,0.0
1138,106.0,0.0
1139,107.0,0.0
1140,108.0,0.0
1141,109.0,0.0
1142,110.0,0.0
1143,111.0,0.03
1144,112.0,0.0
1145,113.0,0.07
1146,114.0,0.11
1147,115.0,0.16
1148,116.0,0.14
1149,117.0,0.0
1150,118.0,0.09
1151,119.0,0.0
1152,120.0,0.0
1153,121.0,0.0
1154,122.0,0.0
1155,123.0,0.0
1156,124.0,0.0
1157,125.0,0.0
1158,126.0,0.01
1159,127.0,0.0
1160,128.0,0.0
1161,129.0,0.0
1162,130.0,0.1
1163,131.0,0.53
1164,132.0,0.19
1165,133.0,0.16
1166,134.0,0.01
1167,135.0,0.06
1168,136.0,0.01
1169,137.0,0.0
1170,138.0,0.0
1171,139.0,0.0
1172,140.0,0.19
1173,141.0,0.06
1174,142.0,0.2
1175,143.0,0.0
1176,144.0,0.0
1177,145.0,7.0
1178,146.0,0.0
1179,147.0,0.0
1180,148.0,0.0
1181,149.0,0.0
1182,150.0,0.0
1183,151.0,0.32
1184,152.0,0.32
1185,153.0,0.14
1186,154.0,0.0
1187,155.0,0.0
1188,158.0,0.0
1189,159.0,0.0
1190,160.0,0.0
1191,161.0,0.0
1192,162.0,0.0
1193,163.0,0.0
1194,164.0,0.0
1195,165.0,0.0
1196,166.0,0.0
1197,167.0,0.0
1198,168.0,0.0
1199,174.0,0.0
1200,175.0,0.0
1201,176.0,0.0
1202,177.0,0.0
1203,180.0,0.0
1204,181.0,0.0
1205,182.0,0.0
1206,183.0,0.0
1207,186.0,0.0
1208,187.0,0.0
1209,188.0,0.0
1210,189.0,0.0
1211,190.0,0.02
1212,191.0,0.0
1213,194.0,0.0
1214,195.0,0.0
1215,196.0,0.0
1216,197.0,0.0
1217,198.0,0.0
1218,199.0,0.0
1219,200.0,0.0
1220,201.0,0.0
1221,202.0,0.0
1222,203.0,0.0
1223,204.0,0.0
1224,205.0,0.0
1225,206.0,0.0
1226,207.0,0.0
1227,208.0,0.0
1228,209.0,0.0
1229,210.0,0.0
1230,211.0,0.0
1231,212.0,0.0
1232,215.0,0.0
1233,216.0,0.0
1234,217.0,0.0
1235,222.0,0.01
1236,223.0,0.0
1237,224.0,0.0
1238,225.0,0.0
1239,229.0,0.0
1240,230.0,0.0
1241,231.0,0.0
1242,232.0,0.0
1243,233.0,0.0
1244,234.0,0.0
1245,235.0,0.0
1246,236.0,0.0
1247,237.0,0.0
1248,242.0,0.06
1249,243.0,0.0
1250,244.0,0.04
1251,245.0,0.05
1252,246.0,0.0
1253,247.0,0.0
1254,248.0,0.0
1255,249.0,0.0
1256,250.0,0.0
1257,253.0,0.0
1258,254.0,0.0
1259,255.0,0.0
1260,256.0,0.0
1261,257.0,0.0
1262,258.0,0.01
1263,259.0,0.56
1264,260.0,0.43
1265,261.0,0.0
1266,262.0,0.0
1267,263.0,0.0
1268,264.0,0.0
1269,265.0,0.0
1270,266.0,0.0
1271,267.0,0.0
1272,268.0,0.01
1273,269.0,0.0
1274,270.0,0.0
1275,271.0,0.0
1276,272.0,0.0
1277,273.0,0.0
1278,274.0,0.0
1279,292.0,0.3
1280,293.0,0.01
1281,294.0,0.0
1282,295.0,0.0
1283,296.0,0.0
1284,297.0,0.11
1285,298.0,0.39
1286,299.0,0.0
1287,300.0,0.26
1288,301.0,0.05
1289,302.0,0.01
1290,303.0,0.02
1291,304.0,0.61
1292,308.0,0.05
1293,309.0,0.02
1294,310.0,0.0
1295,311.0,0.38
1296,312.0,0.36
1297,313.0,0.02
1298,314.0,0.06
1299,315.0,0.06
1300,316.0,0.05
1301,317.0,0.0
1302,318.0,0.48
1303,319.0,0.35
1304,320.0,0.04
1305,321.0,0.49
1306,322.0,0.4
1307,323.0,0.15
1308,324.0,0.0
1309,326.0,0.0
1310,327.0,0.52
1311,328.0,0.08
1312,329.0,0.0
1313,330.0,0.0
1314,331.0,0.0
1315,332.0,0.0
1316,333.0,0.0
1317,334.0,0.01
1318,335.0,0.59
1319,336.0,0.22
1320,337.0,0.42
1321,338.0,0.0
1322,339.0,0.32
1323,340.0,0.79
1324,341.0,0.36
1325,342.0,1.0
1326,343.0,0.5
1327,344.0,0.79
1328,345.0,0.28
1329,346.0,1.82
1330,347.0,0.44
1331,348.0,0.24
1332,349.0,0.02
1333,350.0,0.86
1334,351.0,1.12
1335,352.0,0.15
1336,353.0,0.11
1337,354.0,0.52
1338,355.0,0.3
1339,356.0,0.54
1340,357.0,0.4
1341,358.0,0.22
1342,359.0,0.02
1343,360.0,0.0
1344,361.0,0.76
1345,362.0,0.05
1346,363.0,0.3
1347,364.0,0.0
1348,0.0,0.0
1349,1.0,0.0
1350,2.0,0.07
1351,3.0,0.03
1352,4.0,0.2
1353,5.0,0.04
1354,6.0,0.06
1355,7.0,0.01
1356,8.0,0.13
1357,9.0,0.02
1358,10.0,0.04
1359,11.0,0.27
1360,12.0,0.26
1361,13.0,0.5
1362,14.0,0.29
1363,15.0,0.26
1364,16.0,0.57
1365,17.0,0.86
1366,18.0,0.45
1367,19.0,0.95
1368,20.0,0.02
1369,21.0,0.29
1370,22.0,0.21
1371,23.0,0.07
1372,24.0,0.15
1373,25.0,0.02
1374,26.0,0.05
1375,27.0,0.15
1376,28.0,0.64
1377,29.0,0.44
1378,30.0,0.07
1379,31.0,0.12
1380,32.0,0.01
1381,33.0,0.0
1382,34.0,0.27
1383,35.0,0.0
1384,36.0,0.23
1385,37.0,0.05
1386,38.0,0.0
1387,39.0,0.01
1388,40.0,0.0
1389,41.0,0.0
1390,42.0,0.15
1391,43.0,0.34
1392,44.0,0.24
1393,45.0,0.08
1394,46.0,0.0
1395,47.0,0.0
1396,48.0,0.26
1397,49.0,0.37
1398,50.0,0.17
1399,51.0,0.0
1400,52.0,0.07
1401,53.0,0.0
1402,54.0,0.0
1403,55.0,0.0
1404,56.0,0.0
1405,57.0,0.36
1406,58.0,0.01
1407,59.0,0.04
1408,59.0,0.1
1409,60.0,0.19
1410,61.0,0.21
1411,62.0,0.0
1412,63.0,0.13
1413,64.0,0.45
1414,65.0,0.19
1415,66.0,0.06
1416,67.0,0.21
1417,68.0,0.58
1418,69.0,0.03
1419,70.0,0.45
1420,71.0,0.42
1421,72.0,0.92
1422,73.0,0.52
1423,74.0,0.15
1424,75.0,0.0
1425,76.0,0.0
1426,77.0,0.0
1427,78.0,0.18
1428,79.0,0.49
1429,80.0,0.22
1430,81.0,0.07
1431,85.0,0.14
1432,86.0,0.08
1433,87.0,0.0
1434,88.0,0.0
1435,89.0,0.0
1436,90.0,0.0
1437,91.0,0.0
1438,92.0,0.0
1439,93.0,0.23
1440,94.0,0.24
1441,95.0,0.0
1442,96.0,0.0
1443,97.0,0.0
1444,102.0,0.22
1445,103.0,0.74
1446,104.0,0.63
1447,105.0,0.0
1448,106.0,0.0
1449,107.0,0.0
1450,108.0,0.0
1451,110.0,0.0
1452,111.0,0.75
1453,112.0,0.01
1454,113.0,0.19
1455,114.0,0.25
1456,115.0,0.0
1457,116.0,0.08
1458,117.0,0.0
1459,118.0,0.0
1460,119.0,0.07
1461,120.0,0.0
1462,121.0,0.0
1463,122.0,0.0
1464,123.0,0.02
1465,125.0,0.0
1466,126.0,0.0
1467,127.0,0.03
1468,128.0,0.02
1469,129.0,0.0
1470,130.0,0.0
1471,132.0,0.0
1472,133.0,0.11
1473,134.0,0.42
1474,135.0,0.11
1475,136.0,0.0
1476,137.0,0.0
1477,138.0,0.12
1478,139.0,0.03
1479,140.0,0.0
1480,141.0,0.01
1481,142.0,0.06
1482,143.0,0.06
1483,144.0,0.0
1484,145.0,0.0
1485,146.0,0.0
1486,147.0,0.0
1487,148.0,0.0
1488,149.0,0.0
1489,150.0,0.0
1490,151.0,0.0
1491,152.0,0.0
1492,161.0,0.08
1493,162.0,0.0
1494,163.0,0.0
1495,164.0,0.22
1496,165.0,0.13
1497,166.0,0.44
1498,170.0,0.0
1499,171.0,0.0
1500,172.0,0.0
1501,173.0,0.01
1502,174.0,0.05
1503,175.0,0.0
1504,176.0,0.0
1505,177.0,0.0
1506,178.0,0.0
1507,179.0,0.0
1508,180.0,0.0
1509,181.0,0.0
1510,182.0,0.0
1511,183.0,0.0
1512,184.0,0.0
1513,185.0,0.0
1514,186.0,0.0
1515,187.0,0.0
1516,188.0,0.25
1517,189.0,0.21
1518,190.0,0.11
1519,191.0,0.08
1520,192.0,0.0
1521,193.0,0.0
1522,195.0,0.0
1523,196.0,0.0
1524,197.0,0.0
1525,198.0,0.0
1526,199.0,0.0
1527,200.0,0.0
1528,201.0,0.0
1529,202.0,0.0
1530,203.0,0.0
1531,204.0,0.0
1532,205.0,0.0
1533,206.0,0.0
1534,208.0,0.0
1535,209.0,0.0
1536,210.0,0.0
1537,211.0,0.0
1538,212.0,0.0
1539,215.0,0.0
1540,216.0,0.0
1541,217.0,0.0
1542,221.0,0.0
1543,227.0,0.0
1544,228.0,0.0
1545,235.0,0.0
1546,236.0,0.0
1547,237.0,0.0
1548,238.0,0.0
1549,239.0,0.0
1550,240.0,0.0
1551,243.0,0.0
1552,244.0,0.14
1553,245.0,0.0
1554,246.0,0.0
1555,247.0,0.0
1556,248.0,0.01
1557,254.0,0.0
1558,255.0,0.0
1559,256.0,0.0
1560,257.0,0.0
1561,258.0,0.0
1562,259.0,0.0
1563,260.0,0.07
1564,261.0,0.19
1565,262.0,0.0
1566,263.0,0.0
1567,264.0,0.0
1568,265.0,0.03
1569,266.0,0.02
1570,267.0,0.0
1571,268.0,0.0
1572,269.0,0.0
1573,270.0,0.0
1574,271.0,0.0
1575,272.0,0.0
1576,273.0,0.03
1577,274.0,0.42
1578,275.0,0.15
1579,276.0,0.05
1580,277.0,0.59
1581,278.0,0.16
1582,279.0,0.14
1583,280.0,0.02
1584,281.0,0.0
1585,282.0,0.11
1586,286.0,1.33
1587,287.0,0.7
1588,288.0,0.95
1589,289.0,0.99
1590,290.0,2.0
1591,291.0,0.07
1592,292.0,0.02
1593,293.0,0.78
1594,294.0,0.15
1595,297.0,0.2
1596,298.0,0.8
1597,299.0,0.59
1598,300.0,0.4
1599,301.0,0.15
1600,302.0,0.05
1601,303.0,0.45
1602,304.0,0.02
1603,305.0,0.0
1604,306.0,0.01
1605,307.0,0.0
1606,308.0,0.0
1607,309.0,0.72
1608,310.0,0.01
1609,311.0,0.0
1610,312.0,0.0
1611,313.0,0.0
1612,315.0,0.03
1613,316.0,0.01
1614,317.0,0.18
1615,318.0,0.6
1616,319.0,0.47
1617,320.0,0.06
1618,321.0,0.0
1619,322.0,0.04
1620,323.0,0.09
1621,324.0,0.45
1622,325.0,0.01
1623,326.0,0.67
1624,327.0,0.03
1625,328.0,1.0
1626,329.0,0.11
1627,330.0,0.21
1628,331.0,0.26
1629,332.0,0.04
1630,333.0,0.2
1631,334.0,0.05
1632,335.0,0.02
1633,336.0,0.03
1634,337.0,0.19
1635,338.0,0.38
1636,339.0,0.26
1637,340.0,0.03
1638,341.0,0.18
1639,342.0,0.6
1640,343.0,0.49
1641,344.0,0.36
1642,345.0,0.38
1643,346.0,0.01
1644,364.0,0.01
1645,0.0,0.27
1646,1.0,0.15
1647,2.0,0.01
1648,3.0,0.12
1649,4.0,0.08
1650,5.0,0.0
1651,6.0,0.12
1652,7.0,0.76
1653,8.0,0.88
1654,9.0,0.21
1655,10.0,0.7
1656,11.0,0.05
1657,12.0,0.0
1658,13.0,0.0
1659,14.0,0.0
1660,15.0,0.0
1661,16.0,0.02
1662,17.0,0.54
1663,18.0,0.12
1664,20.0,0.09
1665,21.0,0.68
1666,22.0,0.04
1667,23.0,0.0
1668,24.0,0.0
1669,25.0,0.02
1670,26.0,0.01
1671,27.0,0.0
1672,28.0,0.0
1673,29.0,0.0
1674,30.0,0.03
1675,31.0,0.01
1676,32.0,0.0
1677,33.0,0.17
1678,34.0,0.59
1679,35.0,1.32
1680,36.0,0.23
1681,37.0,0.44
1682,38.0,0.35
1683,39.0,0.62
1684,40.0,0.4
1685,41.0,0.09
1686,42.0,0.0
1687,43.0,0.0
1688,47.0,0.3
1689,48.0,0.15
1690,49.0,0.19
1691,50.0,0.38
1692,51.0,1.47
1693,52.0,0.45
1694,53.0,0.11
1695,54.0,0.04
1696,55.0,0.04
1697,56.0,0.02
1698,57.0,0.24
1699,58.0,0.19
1700,59.0,0.06
1701,60.0,0.0
1702,61.0,0.0
1703,62.0,0.22
1704,63.0,0.27
1705,64.0,0.63
1706,65.0,0.44
1707,66.0,0.53
1708,67.0,0.53
1709,68.0,0.12
1710,69.0,0.04
1711,70.0,0.06
1712,71.0,0.0
1713,72.0,0.18
1714,73.0,0.02
1715,74.0,0.34
1716,75.0,0.01
1717,76.0,0.22
1718,77.0,0.4
1719,78.0,0.02
1720,79.0,0.42
1721,80.0,0.04
1722,81.0,0.03
1723,82.0,0.81
1724,83.0,0.42
1725,87.0,0.1
1726,88.0,0.33
1727,89.0,0.05
1728,90.0,0.0
1729,91.0,0.01
1730,92.0,0.0
1731,93.0,0.0
1732,94.0,0.0
1733,95.0,0.09
1734,96.0,0.17
1735,97.0,0.32
1736,98.0,0.12
1737,99.0,0.27
1738,100.0,0.01
1739,101.0,0.3
1740,102.0,0.13
1741,103.0,0.2
1742,104.0,0.11
1743,105.0,0.0
1744,106.0,0.48
1745,107.0,0.51
1746,108.0,0.01
1747,109.0,0.31
1748,110.0,0.18
1749,111.0,0.01
1750,112.0,0.01
1751,113.0,0.41
1752,114.0,0.15
1753,115.0,0.52
1754,116.0,0.31
1755,117.0,0.09
1756,118.0,0.0
1757,119.0,0.1
1758,120.0,0.0
1759,121.0,0.01
1760,122.0,0.0
1761,123.0,0.0
1762,124.0,0.03
1763,125.0,0.13
1764,126.0,0.0
1765,127.0,0.0
1766,128.0,0.0
1767,129.0,0.0
1768,131.0,0.42
1769,132.0,0.23
1770,133.0,0.32
1771,134.0,0.01
1772,135.0,0.34
1773,136.0,0.23
1774,137.0,0.01
1775,138.0,0.0
1776,139.0,0.0
1777,140.0,0.0
1778,141.0,0.0
1779,142.0,0.0
1780,143.0,0.0
1781,144.0,0.0
1782,145.0,0.0
1783,146.0,0.0
1784,147.0,0.0
1785,148.0,0.0
1786,149.0,0.0
1787,150.0,0.0
1788,151.0,0.01
1789,152.0,0.01
1790,153.0,0.0
1791,154.0,0.01
1792,155.0,0.0
1793,156.0,0.0
1794,157.0,0.0
1795,158.0,0.56
1796,168.0,0.0
1797,169.0,0.0
1798,170.0,0.0
1799,171.0,0.0
1800,172.0,0.0
1801,173.0,0.0
1802,177.0,0.0
1803,178.0,0.0
1804,179.0,0.0
1805,180.0,0.0
1806,181.0,0.0
1807,182.0,0.0
1808,183.0,0.0
1809,184.0,0.0
1810,185.0,0.0
1811,186.0,0.0
1812,187.0,0.0
1813,188.0,0.0
1814,189.0,0.0
1815,190.0,0.0
1816,191.0,0.0
1817,192.0,0.0
1818,193.0,0.0
1819,194.0,0.0
1820,195.0,0.0
1821,196.0,0.0
1822,197.0,0.0
1823,198.0,0.0
1824,199.0,0.0
1825,200.0,0.0
1826,201.0,0.0
1827,202.0,0.0
1828,204.0,0.0
1829,205.0,0.0
1830,206.0,0.0
1831,208.0,0.0
1832,209.0,0.0
1833,214.0,0.0
1834,215.0,0.0
1835,216.0,0.0
1836,217.0,0.0
1837,218.0,0.0
1838,219.0,0.0
1839,220.0,0.0
1840,221.0,0.0
1841,226.0,0.0
1842,227.0,0.0
1843,228.0,0.0
1844,230.0,0.0
1845,231.0,0.0
1846,234.0,0.0
1847,235.0,0.0
1848,236.0,0.0
1849,237.0,0.0
1850,238.0,0.0
1851,239.0,0.0
1852,240.0,0.0
1853,241.0,0.0
1854,242.0,0.0
1855,243.0,0.0
1856,244.0,0.0
1857,245.0,0.0
1858,246.0,0.0
1859,248.0,0.0
1860,249.0,0.02
1861,250.0,0.1
1862,251.0,0.0
1863,252.0,0.0
1864,253.0,0.0
1865,254.0,0.0
1866,255.0,0.0
1867,256.0,0.0
1868,257.0,0.0
1869,258.0,0.0
1870,259.0,0.0
1871,260.0,0.12
1872,261.0,0.35
1873,262.0,0.53
1874,263.0,0.05
1875,264.0,0.01
1876,265.0,0.0
1877,266.0,0.0
1878,267.0,0.0
1879,268.0,0.0
1880,269.0,0.0
1881,270.0,0.0
1882,271.0,0.0
1883,272.0,0.14
1884,273.0,0.06
1885,282.0,0.0
1886,283.0,0.18
1887,284.0,0.27
1888,285.0,0.4
1889,286.0,0.28
1890,287.0,0.0
1891,288.0,0.0
1892,289.0,0.0
1893,290.0,0.0
1894,291.0,0.0
1895,292.0,0.63
1896,293.0,0.43
1897,294.0,1.45
1898,295.0,0.18
1899,296.0,0.0
1900,297.0,0.0
1901,298.0,0.01
1902,299.0,0.01
1903,300.0,0.0
1904,301.0,0.02
1905,302.0,0.01
1906,303.0,0.0
1907,304.0,0.0
1908,305.0,0.0
1909,306.0,0.44
1910,307.0,0.17
1911,308.0,0.3
1912,309.0,0.44
1913,310.0,0.0
1914,311.0,0.0
1915,312.0,0.44
1916,313.0,0.37
1917,314.0,0.51
1918,315.0,0.01
1919,316.0,0.35
1920,317.0,0.26
1921,318.0,0.01
1922,319.0,1.3
1923,320.0,0.38
1924,324.0,0.26
1925,325.0,0.07
1926,326.0,0.45
1927,327.0,0.28
1928,328.0,0.02
1929,329.0,0.16
1930,330.0,0.32
1931,331.0,0.02
1932,332.0,0.35
1933,333.0,0.01
1934,334.0,0.19
1935,335.0,0.05
1936,336.0,0.54
1937,337.0,0.03
1938,338.0,0.0
1939,339.0,0.0
1940,340.0,0.0
1941,341.0,0.0
1942,342.0,0.0
1943,343.0,0.0
1944,344.0,0.0
1945,345.0,0.0
1946,346.0,0.0
1947,347.0,0.0
1948,348.0,0.0
1949,349.0,0.03
1950,350.0,0.01
1951,351.0,0.0
1952,352.0,0.0
1953,353.0,0.98
1954,354.0,0.06
1955,355.0,0.0
1956,358.0,0.37
1957,359.0,0.03
1958,360.0,0.15
1959,361.0,0.01
1960,362.0,0.0
1961,363.0,0.32
1962,364.0,0.0
1963,0.0,0.01
1964,1.0,0.0
1965,2.0,0.0
1966,3.0,0.01
1967,4.0,0.2
1968,5.0,0.16
1969,6.0,0.01
1970,7.0,0.0
1971,8.0,0.53
1972,9.0,0.24
1973,10.0,0.23
1974,11.0,0.34
1975,12.0,0.02
1976,13.0,0.0
1977,14.0,0.0
1978,15.0,0.19
1979,16.0,0.01
1980,17.0,0.9
1981,18.0,0.25
1982,19.0,0.08
1983,20.0,0.01
1984,21.0,0.33
1985,22.0,0.03
1986,23.0,0.62
1987,24.0,0.62
1988,25.0,0.23
1989,26.0,0.03
1990,27.0,0.08
1991,28.0,0.0
1992,29.0,0.5
1993,30.0,0.02
1994,31.0,0.0
1995,34.0,0.0
1996,35.0,0.0
1997,36.0,0.0
1998,37.0,0.0
1999,38.0,0.0
2000,39.0,0.02
2001,40.0,0.0
2002,41.0,0.0
2003,42.0,0.06
2004,43.0,0.0
2005,44.0,0.15
2006,45.0,0.28
2007,46.0,0.02
2008,47.0,0.02
2009,48.0,0.29
2010,49.0,0.15
2011,50.0,0.0
2012,51.0,0.29
2013,52.0,0.22
2014,53.0,0.02
2015,54.0,0.15
2016,55.0,0.12
2017,56.0,0.84
2018,57.0,0.02
2019,58.0,0.06
2020,59.0,0.39
2021,60.0,0.06
2022,61.0,0.02
2023,62.0,0.09
2024,63.0,0.02
2025,64.0,0.0
2026,65.0,0.0
2027,66.0,0.02
2028,67.0,0.7
2029,68.0,0.01
2030,69.0,0.0
2031,70.0,0.0
2032,88.0,0.0
2033,89.0,0.0
2034,90.0,0.0
2035,91.0,0.23
2036,92.0,0.01
2037,93.0,0.01
2038,94.0,0.1
2039,95.0,0.45
2040,96.0,0.35
2041,97.0,1.48
2042,98.0,0.13
2043,99.0,0.03
2044,100.0,0.05
2045,101.0,0.3
2046,102.0,0.37
2047,103.0,0.01
2048,104.0,0.04
2049,105.0,0.49
2050,106.0,0.11
2051,107.0,0.08
2052,108.0,0.0
2053,109.0,0.0
2054,110.0,0.0
2055,111.0,0.0
2056,112.0,0.0
2057,113.0,0.0
2058,114.0,0.0
2059,115.0,0.0
2060,116.0,0.0
2061,117.0,0.49
2062,118.0,0.55
2063,119.0,0.07
2064,120.0,0.0
2065,121.0,0.0
2066,122.0,0.0
2067,123.0,0.0
2068,124.0,0.0
2069,125.0,0.02
2070,126.0,0.0
2071,127.0,0.0
2072,128.0,0.07
2073,130.0,0.03
2074,131.0,0.0
2075,132.0,0.0
2076,133.0,0.0
2077,134.0,0.0
2078,135.0,0.0
2079,136.0,0.0
2080,137.0,0.0
2081,138.0,0.0
2082,139.0,0.0
2083,140.0,0.0
2084,141.0,0.0
2085,142.0,0.0
2086,143.0,0.0
2087,144.0,0.0
2088,145.0,0.0
2089,146.0,0.0
2090,152.0,0.0
2091,153.0,0.0
2092,154.0,0.0
2093,155.0,0.0
2094,156.0,0.0
2095,157.0,0.0
2096,163.0,0.0
2097,164.0,0.0
2098,165.0,0.0
2099,166.0,0.0
2100,167.0,0.0
2101,168.0,0.13
2102,169.0,0.0
2103,170.0,0.0
2104,171.0,0.0
2105,172.0,0.0
2106,176.0,0.0
2107,177.0,0.0
2108,178.0,0.0
2109,179.0,0.0
2110,180.0,0.0
2111,183.0,0.0
2112,184.0,0.0
2113,185.0,0.0
2114,186.0,0.0
2115,187.0,0.0
2116,188.0,0.0
2117,189.0,0.0
2118,190.0,0.0
2119,191.0,0.0
2120,192.0,0.0
2121,193.0,0.0
2122,195.0,0.0
2123,196.0,0.0
2124,197.0,0.0
2125,198.0,0.0
2126,199.0,0.0
2127,200.0,0.0
2128,201.0,0.0
2129,202.0,0.0
2130,203.0,0.0
2131,204.0,0.0
2132,205.0,0.0
2133,206.0,0.0
2134,207.0,0.0
2135,208.0,0.0
2136,209.0,0.0
2137,210.0,0.0
2138,211.0,0.0
2139,212.0,0.0
2140,213.0,0.0
2141,214.0,0.0
2142,215.0,0.0
2143,216.0,0.0
2144,217.0,0.0
2145,218.0,0.0
2146,219.0,0.0
2147,220.0,0.0
2148,221.0,0.0
2149,222.0,0.0
2150,223.0,0.0
2151,224.0,0.0
2152,225.0,0.0
2153,226.0,0.0
2154,227.0,0.0
2155,228.0,0.0
2156,229.0,0.0
2157,230.0,0.0
2158,231.0,0.0
2159,232.0,0.0
2160,234.0,0.0
2161,235.0,0.0
2162,236.0,0.0
2163,237.0,0.01
2164,238.0,0.03
2165,239.0,0.0
2166,240.0,0.0
2167,241.0,0.0
2168,242.0,0.05
2169,246.0,0.0
2170,247.0,0.0
2171,248.0,0.0
2172,249.0,0.0
2173,275.0,0.0
2174,276.0,0.0
2175,277.0,0.0
2176,278.0,0.14
2177,279.0,0.05
2178,280.0,0.18
2179,281.0,0.27
2180,282.0,0.01
2181,283.0,0.0
2182,284.0,0.0
2183,285.0,0.0
2184,286.0,0.0
2185,287.0,0.0
2186,288.0,0.0
2187,289.0,0.0
2188,290.0,0.0
2189,291.0,0.0
2190,292.0,0.0
2191,293.0,0.0
2192,294.0,0.0
2193,295.0,0.0
2194,296.0,0.02
2195,297.0,0.0
2196,298.0,0.0
2197,299.0,0.05
2198,300.0,0.34
2199,301.0,0.78
2200,302.0,0.21
2201,303.0,0.08
2202,304.0,0.07
2203,305.0,0.03
2204,306.0,0.01
2205,307.0,0.07
2206,308.0,0.03
2207,309.0,0.05
2208,310.0,0.0
2209,312.0,0.0
2210,313.0,0.0
2211,314.0,0.0
2212,315.0,0.0
2213,316.0,0.0
2214,317.0,0.0
2215,318.0,0.0
2216,319.0,0.0
2217,320.0,0.0
2218,321.0,0.0
2219,322.0,0.0
2220,323.0,0.0
2221,324.0,0.01
2222,325.0,0.25
2223,326.0,1.0
2224,327.0,0.33
2225,328.0,0.01
2226,329.0,0.0
2227,330.0,0.55
2228,331.0,0.37
2229,332.0,0.08
2230,333.0,0.26
2231,334.0,0.81
2232,335.0,0.29
2233,336.0,0.01
2234,337.0,0.0
2235,338.0,0.0
2236,339.0,0.0
2237,340.0,0.0
2238,341.0,0.15
2239,342.0,0.01
2240,343.0,0.35
2241,344.0,0.05
2242,345.0,0.45
2243,346.0,0.01
2244,347.0,0.0
2245,348.0,0.23
2246,349.0,0.01
2247,350.0,0.32
2248,351.0,1.1
2249,352.0,0.59
2250,353.0,0.01
2251,354.0,0.36
2252,355.0,0.01
2253,356.0,0.13
2254,357.0,0.72
2255,358.0,0.15
2256,359.0,0.02
2257,360.0,0.21
2258,361.0,0.02
2259,362.0,0.0
2260,363.0,0.22
2261,364.0,0.02
2262,0.0,0.0
2263,1.0,0.0
2264,2.0,0.0
2265,3.0,0.01
2266,4.0,0.0
2267,5.0,0.38
2268,6.0,0.2
2269,7.0,0.27
2270,8.0,0.01
2271,9.0,0.35
2272,10.0,0.0
2273,11.0,0.0
2274,12.0,0.0
2275,13.0,0.0
2276,14.0,0.0
2277,15.0,0.02
2278,16.0,0.18
2279,17.0,0.15
2280,18.0,0.71
2281,19.0,0.56
2282,20.0,0.46
2283,21.0,0.01
2284,22.0,0.07
2285,23.0,0.01
2286,24.0,0.0
2287,25.0,0.0
2288,26.0,0.0
2289,27.0,0.0
2290,28.0,0.0
2291,29.0,0.0
2292,30.0,0.0
2293,31.0,0.02
2294,32.0,0.3
2295,33.0,0.5
2296,34.0,0.37
2297,35.0,0.07
2298,36.0,0.06
2299,37.0,0.0
2300,38.0,0.0
2301,39.0,0.63
2302,40.0,0.08
2303,41.0,0.18
2304,42.0,0.09
2305,43.0,0.47
2306,44.0,0.37
2307,47.0,0.22
2308,48.0,0.01
2309,49.0,0.01
2310,50.0,0.25
2311,51.0,0.38
2312,52.0,0.02
2313,53.0,0.18
2314,54.0,1.18
2315,55.0,2.94
2316,56.0,0.46
2317,57.0,0.7
2318,58.0,0.02
2319,60.0,0.0
2320,61.0,0.0
2321,62.0,0.0
2322,63.0,0.0
2323,64.0,0.13
2324,65.0,0.35
2325,66.0,0.06
2326,67.0,0.09
2327,68.0,0.01
2328,69.0,0.0
2329,70.0,0.3
2330,71.0,0.11
2331,72.0,0.01
2332,73.0,0.0
2333,74.0,0.0
2334,75.0,0.0
2335,76.0,0.0
2336,77.0,0.0
2337,78.0,0.0
2338,79.0,0.0
2339,80.0,0.0
2340,81.0,0.16
2341,82.0,0.11
2342,83.0,0.0
2343,84.0,0.22
2344,85.0,0.01
2345,86.0,0.11
2346,87.0,0.15
2347,88.0,0.0
2348,89.0,0.0
2349,90.0,0.06
2350,91.0,0.74
2351,96.0,1.05
2352,97.0,1.75
2353,98.0,0.75
2354,99.0,0.06
2355,100.0,0.15
2356,101.0,0.25
2357,102.0,0.0
2358,103.0,0.17
2359,104.0,0.02
2360,105.0,0.31
2361,106.0,0.0
2362,107.0,0.0
2363,108.0,0.0
2364,109.0,0.35
2365,110.0,0.0
2366,111.0,0.0
2367,112.0,0.0
2368,113.0,0.0
2369,114.0,0.0
2370,115.0,0.0
2371,116.0,0.0
2372,117.0,0.0
2373,118.0,0.0
2374,119.0,0.0
2375,120.0,0.0
2376,121.0,0.0
2377,122.0,0.0
2378,123.0,0.0
2379,124.0,0.0
2380,125.0,0.0
2381,126.0,0.0
2382,127.0,0.0
2383,128.0,0.0
2384,129.0,0.0
2385,130.0,0.0
2386,131.0,0.0
2387,132.0,0.0
2388,133.0,0.01
2389,134.0,0.17
2390,135.0,0.2
2391,136.0,0.19
2392,137.0,0.04
2393,138.0,0.34
2394,139.0,0.0
2395,140.0,0.11
2396,141.0,0.17
2397,142.0,0.0
2398,143.0,0.0
2399,144.0,0.0
2400,145.0,0.69
2401,146.0,0.02
2402,147.0,0.0
2403,148.0,0.0
2404,149.0,0.0
2405,155.0,0.0
2406,156.0,0.0
2407,157.0,0.02
2408,158.0,0.29
2409,159.0,0.0
2410,160.0,0.0
2411,161.0,0.0
2412,162.0,0.0
2413,163.0,0.0
2414,164.0,0.0
2415,165.0,0.0
2416,166.0,0.0
2417,167.0,0.0
2418,168.0,0.0
2419,169.0,0.0
2420,183.0,0.0
2421,184.0,0.0
2422,185.0,0.0
2423,186.0,0.0
2424,187.0,0.0
2425,188.0,0.0
2426,189.0,0.0
2427,190.0,0.04
2428,191.0,0.0
2429,192.0,0.0
2430,193.0,0.0
2431,194.0,0.0
2432,195.0,0.0
2433,196.0,0.0
2434,197.0,0.0
2435,198.0,0.1
2436,199.0,0.0
2437,200.0,0.0
2438,201.0,0.0
2439,202.0,0.0
2440,203.0,0.0
2441,204.0,0.0
2442,205.0,0.0
2443,206.0,0.0
2444,207.0,0.0
2445,208.0,0.0
2446,209.0,0.0
2447,210.0,0.0
2448,211.0,0.0
2449,212.0,0.0
2450,213.0,0.0
2451,214.0,0.0
2452,215.0,0.0
2453,216.0,0.0
2454,221.0,0.0
2455,222.0,0.02
2456,223.0,0.0
2457,224.0,0.0
2458,225.0,0.0
2459,226.0,0.0
2460,227.0,0.0
2461,228.0,0.0
2462,229.0,0.0
2463,230.0,0.0
2464,231.0,0.0
2465,232.0,0.0
2466,233.0,0.34
2467,234.0,0.0
2468,235.0,0.0
2469,236.0,0.0
2470,237.0,0.0
2471,238.0,0.0
2472,239.0,0.0
2473,240.0,0.04
2474,241.0,0.01
2475,242.0,0.0
2476,243.0,0.0
2477,244.0,0.0
2478,245.0,0.0
2479,246.0,0.0
2480,247.0,0.0
2481,248.0,0.12
2482,249.0,0.0
2483,250.0,0.2
2484,251.0,0.55
2485,252.0,0.44
2486,253.0,0.76
2487,254.0,0.0
2488,255.0,0.0
2489,256.0,0.0
2490,257.0,0.0
2491,258.0,1.03
2492,259.0,0.3
2493,260.0,0.7
2494,261.0,0.46
2495,262.0,0.01
2496,263.0,0.0
2497,264.0,0.0
2498,265.0,0.16
2499,266.0,0.0
2500,267.0,0.0
2501,268.0,0.0
2502,269.0,0.08
2503,273.0,0.01
2504,275.0,0.09
2505,276.0,0.18
2506,277.0,0.03
2507,278.0,0.0
2508,279.0,0.0
2509,280.0,0.03
2510,281.0,0.05
2511,282.0,0.0
2512,283.0,0.0
2513,284.0,0.0
2514,285.0,0.02
2515,286.0,0.0
2516,287.0,0.0
2517,288.0,0.0
2518,289.0,0.2
2519,290.0,0.18
2520,291.0,0.25
2521,292.0,0.1
2522,293.0,0.01
2523,294.0,0.0
2524,295.0,0.23
2525,296.0,0.0
2526,297.0,0.0
2527,298.0,0.0
2528,299.0,0.0
2529,300.0,0.0
2530,301.0,0.0
2531,302.0,0.0
2532,303.0,0.0
2533,304.0,0.0
2534,305.0,0.0
2535,306.0,0.0
2536,307.0,0.0
2537,308.0,0.0
2538,309.0,0.0
2539,310.0,0.0
2540,311.0,0.0
2541,312.0,0.01
2542,313.0,0.0
2543,314.0,0.0
2544,315.0,0.0
2545,316.0,0.01
2546,317.0,0.0
2547,318.0,0.2
2548,319.0,0.06
2549,320.0,0.0
2550,321.0,0.0
2551,322.0,0.07
2552,323.0,0.03
2553,324.0,0.0
2554,325.0,0.0
2555,326.0,0.0
2556,327.0,0.01
2557,328.0,0.25
2558,329.0,0.12
2559,330.0,0.35
2560,331.0,0.04
2561,332.0,0.0
2562,333.0,0.0
2563,334.0,0.09
2564,335.0,0.02
2565,336.0,0.0
2566,337.0,0.0
2567,338.0,0.0
2568,339.0,0.0
2569,340.0,0.27
2570,341.0,0.13
2571,342.0,0.01
2572,343.0,0.0
2573,344.0,0.33
2574,345.0,0.1
2575,346.0,0.58
2576,347.0,0.15
2577,348.0,0.08
2578,349.0,0.0
2579,350.0,0.0
2580,351.0,0.0
2581,352.0,0.1
2582,353.0,0.7
2583,354.0,0.12
2584,355.0,1.37
2585,356.0,0.47
2586,357.0,0.02
2587,358.0,0.09
2588,359.0,0.0
2589,360.0,0.08
2590,361.0,0.03
2591,362.0,0.01
2592,363.0,0.03
2593,364.0,0.0
2594,0.0,0.5
2595,1.0,0.15
2596,2.0,0.0
2597,3.0,0.45
2598,4.0,0.08
2599,5.0,0.19
2600,6.0,0.01
2601,7.0,0.3
2602,8.0,0.29
2603,9.0,0.03
2604,10.0,0.73
2605,11.0,0.4
2606,12.0,0.47
2607,13.0,0.52
2608,14.0,0.02
2609,15.0,0.68
2610,16.0,0.03
2611,17.0,0.16
2612,18.0,0.02
2613,19.0,0.0
2614,20.0,0.42
2615,21.0,0.15
2616,22.0,0.01
2617,23.0,0.65
2618,24.0,0.06
2619,25.0,0.56
2620,26.0,0.16
2621,27.0,0.55
2622,31.0,0.01
2623,32.0,0.12
2624,33.0,0.01
2625,34.0,0.01
2626,35.0,0.03
2627,36.0,0.03
2628,37.0,0.02
2629,38.0,0.2
2630,39.0,0.03
2631,40.0,0.0
2632,41.0,0.0
2633,42.0,0.0
2634,43.0,0.0
2635,44.0,0.08
2636,45.0,0.07
2637,46.0,0.7
2638,47.0,0.02
2639,48.0,0.0
2640,49.0,0.0
2641,50.0,0.0
2642,51.0,0.0
2643,52.0,0.0
2644,53.0,0.02
2645,54.0,0.14
2646,55.0,0.01
2647,56.0,0.0
2648,57.0,0.0
2649,58.0,0.0
2650,59.0,0.06
2651,59.0,0.19
2652,60.0,0.0
2653,61.0,0.0
2654,62.0,0.0
2655,63.0,0.0
2656,64.0,0.0
2657,65.0,0.63
2658,66.0,0.08
2659,70.0,0.0
2660,71.0,0.0
2661,72.0,0.32
2662,73.0,0.25
2663,74.0,0.0
2664,75.0,0.0
2665,76.0,0.0
2666,77.0,0.0
2667,78.0,0.0
2668,79.0,0.0
2669,80.0,0.0
2670,81.0,0.0
2671,82.0,0.07
2672,83.0,0.23
2673,84.0,0.02
2674,85.0,0.0
2675,86.0,0.12
2676,87.0,0.1
2677,88.0,0.29
2678,89.0,1.19
2679,90.0,0.11
2680,91.0,0.24
2681,92.0,0.14
2682,93.0,0.0
2683,94.0,0.3
2684,95.0,0.1
2685,96.0,0.0
2686,97.0,0.0
2687,98.0,0.0
2688,99.0,0.0
2689,100.0,0.0
2690,101.0,0.0
2691,102.0,0.0
2692,103.0,0.0
2693,104.0,0.0
2694,105.0,0.0
2695,106.0,0.0
2696,107.0,0.0
2697,108.0,0.05
2698,109.0,0.0
2699,110.0,0.0
2700,111.0,0.27
2701,112.0,0.23
2702,113.0,0.27
2703,114.0,0.11
2704,115.0,0.15
2705,116.0,0.06
2706,117.0,0.03
2707,118.0,0.0
2708,119.0,0.0
2709,120.0,0.0
2710,121.0,0.03
2711,122.0,0.32
2712,123.0,0.01
2713,124.0,0.0
2714,125.0,0.12
2715,126.0,0.0
2716,127.0,0.0
2717,128.0,0.0
2718,129.0,0.0
2719,130.0,0.0
2720,131.0,0.06
2721,132.0,0.19
2722,133.0,0.7
2723,134.0,0.3
2724,135.0,0.0
2725,136.0,0.11
2726,137.0,0.42
2727,138.0,0.05
2728,139.0,0.21
2729,140.0,0.02
2730,141.0,0.05
2731,142.0,0.0
2732,143.0,0.0
2733,144.0,0.0
2734,145.0,0.0
2735,146.0,0.0
2736,147.0,0.0
2737,148.0,0.0
2738,149.0,0.04
2739,150.0,0.59
2740,151.0,0.0
2741,152.0,0.0
2742,153.0,0.0
2743,154.0,0.0
2744,155.0,0.0
2745,156.0,0.0
2746,157.0,0.19
2747,158.0,0.13
2748,159.0,0.07
2749,160.0,0.06
2750,161.0,0.0
2751,162.0,0.16
2752,163.0,0.29
2753,164.0,0.1
2754,165.0,0.1
2755,166.0,0.33
2756,167.0,0.65
2757,168.0,0.0
2758,169.0,0.0
2759,170.0,0.0
2760,171.0,0.02
2761,172.0,0.0
2762,173.0,0.0
2763,179.0,0.08
2764,180.0,0.0
2765,181.0,0.0
2766,182.0,0.0
2767,183.0,0.0
2768,184.0,0.0
2769,185.0,0.0
2770,186.0,0.0
2771,187.0,0.0
2772,189.0,0.0
2773,190.0,0.0
2774,191.0,0.0
2775,192.0,0.0
2776,193.0,0.0
2777,194.0,0.0
2778,195.0,0.0
2779,196.0,0.0
2780,197.0,0.0
2781,198.0,0.0
2782,199.0,0.0
2783,200.0,0.0
2784,201.0,0.0
2785,202.0,0.0
2786,203.0,0.0
2787,204.0,0.0
2788,205.0,0.0
2789,206.0,0.0
2790,207.0,0.0
2791,208.0,0.0
2792,209.0,0.0
2793,210.0,0.0
2794,211.0,0.0
2795,212.0,0.0
2796,213.0,0.0
2797,214.0,0.0
2798,215.0,0.0
2799,216.0,0.0
2800,217.0,0.02
2801,218.0,0.16
2802,219.0,0.0
2803,220.0,0.0
2804,221.0,0.0
2805,222.0,0.0
2806,223.0,0.0
2807,224.0,0.0
2808,225.0,0.0
2809,226.0,0.0
2810,227.0,0.0
2811,228.0,0.0
2812,229.0,0.0
2813,230.0,0.0
2814,231.0,0.0
2815,232.0,0.0
2816,233.0,0.0
2817,234.0,0.0
2818,235.0,0.0
2819,236.0,0.0
2820,237.0,0.0
2821,238.0,0.0
2822,240.0,0.0
2823,241.0,0.0
2824,242.0,0.0
2825,243.0,0.0
2826,244.0,0.0
2827,245.0,0.0
2828,246.0,0.0
2829,247.0,0.0
2830,248.0,0.0
2831,249.0,0.0
2832,250.0,0.0
2833,251.0,0.0
2834,252.0,0.0
2835,253.0,0.0
2836,254.0,0.0
2837,255.0,0.0
2838,256.0,0.0
2839,257.0,0.0
2840,258.0,0.0
2841,259.0,0.0
2842,260.0,0.42
2843,261.0,0.52
2844,262.0,0.04
2845,263.0,0.0
2846,264.0,0.0
2847,265.0,0.0
2848,266.0,0.37
2849,267.0,0.0
2850,268.0,0.2
2851,269.0,0.0
2852,270.0,0.0
2853,271.0,0.0
2854,272.0,0.0
2855,273.0,0.0
2856,274.0,0.0
2857,275.0,0.0
2858,276.0,0.0
2859,277.0,0.0
2860,278.0,0.0
2861,283.0,0.38
2862,284.0,0.26
2863,285.0,0.01
2864,286.0,0.15
2865,287.0,0.0
2866,288.0,0.0
2867,289.0,0.0
2868,290.0,0.01
2869,291.0,0.03
2870,292.0,0.0
2871,293.0,0.0
2872,294.0,0.0
2873,295.0,0.0
2874,296.0,0.02
2875,297.0,0.03
2876,298.0,0.0
2877,299.0,0.0
2878,300.0,0.0
2879,301.0,0.0
2880,302.0,0.0
2881,303.0,0.02
2882,304.0,0.0
2883,307.0,0.02
2884,308.0,0.0
2885,309.0,0.3
2886,310.0,0.03
2887,311.0,0.06
2888,312.0,0.0
2889,313.0,0.07
2890,314.0,0.11
2891,315.0,0.0
2892,316.0,0.62
2893,317.0,0.51
2894,318.0,1.2
2895,319.0,0.48
2896,320.0,0.01
2897,321.0,0.57
2898,322.0,0.84
2899,323.0,0.01
2900,324.0,0.0
2901,325.0,0.0
2902,326.0,0.2
2903,327.0,0.04
2904,328.0,0.34
2905,329.0,0.03
2906,330.0,0.0
2907,331.0,0.0
2908,332.0,0.0
2909,333.0,0.1
2910,334.0,0.19
2911,335.0,0.0
2912,336.0,0.0
2913,337.0,0.0
2914,338.0,0.0
2915,339.0,0.19
2916,340.0,0.05
2917,341.0,0.0
2918,342.0,0.18
2919,343.0,0.0
2920,344.0,0.07
2921,345.0,0.4
2922,346.0,0.52
2923,347.0,0.45
2924,348.0,0.14
2925,349.0,0.02
2926,350.0,0.6
2927,351.0,0.02
2928,352.0,0.05
2929,353.0,0.94
2930,354.0,0.6
2931,355.0,0.19
2932,356.0,0.05
2933,357.0,0.0
2934,358.0,0.0
2935,359.0,0.99
2936,360.0,0.02
2937,361.0,0.0
2938,362.0,0.0
2939,363.0,0.02
2940,364.0,0.41
2941,143.0,0.13
2942,144.0,0.02
2943,145.0,0.41
2944,146.0,0.28
2945,147.0,0.1
2946,148.0,0.28
2947,149.0,0.01
2948,150.0,0.0
2949,151.0,0.0
2950,152.0,0.0
2951,153.0,0.0
2952,154.0,0.0
2953,158.0,0.0
2954,159.0,0.0
2955,160.0,0.0
2956,161.0,0.0
2957,162.0,0.0
2958,163.0,0.0
2959,164.0,0.47
2960,165.0,0.0
2961,166.0,0.0
2962,167.0,0.0
2963,169.0,0.02
2964,170.0,0.1
2965,171.0,0.23
2966,172.0,0.0
2967,173.0,0.0
2968,174.0,0.21
2969,175.0,0.06
2970,176.0,0.48
2971,178.0,0.0
2972,180.0,0.0
2973,181.0,0.0
2974,182.0,0.0
2975,183.0,0.0
2976,184.0,0.0
2977,185.0,0.0
2978,190.0,0.0
2979,191.0,0.0
2980,192.0,0.0
2981,193.0,0.0
2982,201.0,0.0
2983,202.0,0.0
2984,203.0,0.0
2985,204.0,0.0
2986,211.0,0.0
2987,212.0,0.0
2988,213.0,0.0
2989,234.0,0.0
2990,235.0,0.0
2991,236.0,0.0
2992,237.0,0.34
2993,238.0,0.0
2994,239.0,0.0
2995,240.0,0.0
2996,241.0,0.13
2997,247.0,0.0
2998,248.0,1.18
2999,256.0,0.0
3000,257.0,0.0
3001,258.0,0.0
3002,259.0,0.0
3003,260.0,0.52
3004,261.0,0.0
3005,262.0,0.0
3006,263.0,0.53
3007,264.0,0.12
3008,265.0,0.19
3009,266.0,0.22
3010,267.0,0.55
3011,268.0,0.05
3012,270.0,0.33
3013,271.0,1.39
3014,272.0,1.92
3015,273.0,0.22
3016,274.0,0.23
3017,275.0,0.34
3018,277.0,0.0
3019,278.0,0.0
3020,279.0,0.08
3021,280.0,0.02
3022,281.0,0.18
3023,282.0,0.0
3024,283.0,0.0
3025,284.0,0.0
3026,285.0,0.0
3027,286.0,0.0
3028,287.0,0.0
3029,288.0,0.0
3030,289.0,0.0
3031,290.0,0.0
3032,294.0,0.0
3033,295.0,0.0
3034,296.0,0.0
3035,297.0,0.01
3036,298.0,0.03
3037,299.0,0.01
3038,300.0,0.2
3039,301.0,0.01
3040,302.0,0.0
3041,303.0,0.0
3042,304.0,0.04
3043,305.0,0.3
3044,306.0,0.11
3045,307.0,0.18
3046,308.0,0.22
3047,311.0,0.48
3048,313.0,0.0
3049,314.0,0.0
3050,315.0,0.27
3051,316.0,0.06
3052,317.0,0.02
3053,318.0,0.05
3054,319.0,0.05
3055,320.0,0.07
3056,321.0,0.01
3057,322.0,0.27
3058,323.0,0.56
3059,324.0,0.0
3060,325.0,0.0
3061,326.0,0.0
3062,327.0,0.0
3063,328.0,0.0
3064,329.0,0.0
3065,330.0,0.0
3066,331.0,0.0
3067,332.0,0.0
3068,333.0,0.02
3069,334.0,0.0
3070,335.0,0.61
3071,336.0,0.15
3072,337.0,0.01
3073,338.0,0.0
3074,340.0,0.03
3075,341.0,0.0
3076,342.0,0.0
3077,343.0,0.0
3078,344.0,0.0
3079,345.0,0.0
3080,346.0,0.21
3081,348.0,0.0
3082,349.0,0.0
3083,350.0,0.01
3084,351.0,0.0
3085,352.0,0.04
3086,354.0,0.12
3087,355.0,0.08
3088,2.0,0.11
3089,6.0,0.11
3090,7.0,0.23
3091,8.0,0.3
3092,9.0,0.08
3093,10.0,0.48
3094,11.0,0.62
3095,12.0,0.1
3096,14.0,0.0
3097,27.0,0.07
3098,28.0,0.8
3099,29.0,0.05
3100,30.0,0.04
3101,31.0,0.05
3102,32.0,0.0
3103,33.0,0.06
3104,34.0,0.02
3105,35.0,0.04
3106,36.0,0.01
3107,37.0,0.4
3108,38.0,1.28
3109,41.0,0.13
3110,42.0,0.9
3111,43.0,0.41
3112,44.0,1.34
3113,45.0,0.55
3114,46.0,1.06
3115,47.0,0.01
3116,48.0,0.41
3117,49.0,0.63
3118,50.0,0.03
3119,51.0,0.14
3120,52.0,0.01
3121,53.0,0.0
3122,54.0,0.28
3123,57.0,0.17
3124,62.0,0.05
3125,63.0,0.35
3126,64.0,0.37
3127,65.0,0.45
3128,69.0,0.02
3129,72.0,0.14
3130,75.0,0.33
3131,76.0,0.01
3132,83.0,0.07
3133,84.0,0.5
3134,85.0,0.58
3135,88.0,0.26
3136,89.0,0.01
3137,90.0,0.2
3138,93.0,0.06
3139,94.0,0.13
3140,97.0,0.0
3141,98.0,0.05
3142,103.0,0.0
3143,106.0,0.03
3144,107.0,0.47
3145,111.0,0.12
3146,112.0,0.19
3147,113.0,0.49
3148,114.0,0.48
3149,115.0,0.01
3150,116.0,0.28
3151,117.0,0.14
3152,123.0,0.11
3153,126.0,0.0
3154,127.0,0.08
3155,128.0,0.38
3156,129.0,0.48
3157,130.0,0.03
3158,135.0,0.0
3159,137.0,0.16
3160,138.0,0.68
3161,146.0,0.0
3162,147.0,0.26
3163,148.0,0.03
3164,152.0,0.0
3165,154.0,0.0
3166,156.0,0.0
3167,160.0,0.0
3168,163.0,0.07
3169,166.0,0.04
3170,167.0,0.16
3171,170.0,0.01
3172,171.0,0.01
3173,172.0,0.0
3174,173.0,0.0
3175,174.0,0.01
3176,176.0,0.66
3177,177.0,0.26
3178,178.0,0.06
3179,182.0,0.0
3180,184.0,0.0
3181,185.0,0.0
3182,194.0,0.0
3183,195.0,0.0
3184,200.0,0.0
3185,201.0,0.0
3186,204.0,0.26
3187,213.0,0.0
3188,214.0,0.0
3189,217.0,0.0
3190,223.0,0.0
3191,224.0,0.0
3192,225.0,0.02
3193,228.0,0.0
3194,231.0,0.0
3195,232.0,0.03
3196,233.0,0.0
3197,234.0,0.0
3198,239.0,0.0
3199,242.0,0.13
3200,245.0,0.0
3201,251.0,0.0
3202,255.0,0.0
3203,257.0,0.0
3204,260.0,0.0
3205,261.0,0.0
3206,266.0,1.24
3207,267.0,0.18
3208,268.0,0.17
3209,269.0,0.0
3210,270.0,0.0
3211,272.0,0.08
3212,273.0,0.0
3213,274.0,0.0
3214,279.0,0.0
3215,281.0,0.0
3216,283.0,0.01
3217,284.0,0.09
3218,286.0,0.16
3219,287.0,0.94
3220,288.0,0.03
3221,289.0,0.02
3222,290.0,0.03
3223,292.0,0.18
3224,293.0,0.35
3225,294.0,0.03
3226,295.0,0.83
3227,296.0,0.1
3228,297.0,0.26
3229,298.0,0.75
3230,299.0,0.3
3231,300.0,0.01
3232,301.0,0.09
3233,302.0,0.03
3234,303.0,0.91
3235,306.0,0.29
3236,307.0,0.35
3237,308.0,0.02
3238,309.0,0.0
3239,310.0,0.08
3240,311.0,0.0
3241,313.0,0.04
3242,314.0,0.0
3243,315.0,0.0
3244,316.0,0.29
3245,317.0,3.0
3246,318.0,0.03
3247,320.0,0.0
3248,323.0,0.18
3249,325.0,0.75
3250,326.0,0.24
3251,335.0,0.84
3252,336.0,0.05
3253,337.0,0.59
3254,338.0,0.29
3255,339.0,0.42
3256,341.0,0.01
3257,343.0,0.1
3258,344.0,0.59
3259,345.0,0.15
3260,346.0,0.02
3261,348.0,0.13
3262,349.0,0.14
3263,350.0,0.02
3264,351.0,0.11
3265,352.0,0.54
3266,353.0,0.59
3267,354.0,1.12
3268,355.0,0.89
3269,356.0,0.04
3270,357.0,0.33
3271,358.0,0.59
3272,190.0,0.01
3273,191.0,0.0
3274,192.0,0.0
3275,193.0,0.0
3276,194.0,0.0
3277,207.0,0.0
3278,208.0,0.0
3279,240.0,0.13
3280,241.0,0.05
3281,247.0,0.01
3282,248.0,0.0
3283,253.0,0.0
3284,254.0,0.0
3285,256.0,0.0
3286,258.0,0.02
3287,259.0,0.64
3288,260.0,0.33
3289,263.0,0.0
3290,264.0,0.0
3291,265.0,0.0
3292,266.0,0.0
3293,270.0,0.0
3294,271.0,0.0
3295,272.0,0.0
3296,273.0,0.0
3297,274.0,0.0
3298,275.0,0.05
3299,277.0,0.0
3300,282.0,0.0
3301,283.0,0.12
3302,284.0,0.0
3303,287.0,0.0
3304,289.0,0.04
3305,290.0,0.06
3306,292.0,0.3
3307,294.0,0.0
3308,295.0,0.0
3309,297.0,0.0
3310,298.0,0.41
3311,300.0,0.26
3312,301.0,0.06
3313,302.0,0.0
3314,303.0,0.01
3315,304.0,0.64
3316,305.0,0.05
3317,306.0,0.07
3318,310.0,0.01
3319,311.0,0.32
3320,312.0,0.31
3321,314.0,0.06
3322,315.0,0.07
3323,316.0,0.03
3324,317.0,0.0
3325,318.0,0.47
3326,319.0,0.33
3327,320.0,0.04
3328,321.0,0.43
3329,322.0,0.35
3330,323.0,0.16
3331,327.0,0.53
3332,328.0,0.07
3333,335.0,0.58
3334,336.0,0.21
3335,337.0,0.39
3336,339.0,0.31
3337,340.0,0.71
3338,341.0,0.26
3339,342.0,1.03
3340,343.0,0.45
3341,344.0,0.66
3342,345.0,0.24
3343,346.0,1.66
3344,347.0,0.46
3345,348.0,0.28
3346,349.0,0.02
3347,350.0,0.84
3348,351.0,1.05
3349,352.0,0.11
3350,353.0,0.04
3351,354.0,0.56
3352,355.0,0.26
3353,356.0,0.49
3354,357.0,0.43
3355,358.0,0.23
3356,360.0,0.02
3357,361.0,0.74
3358,362.0,0.05
3359,363.0,0.31
3360,5.0,0.12
3361,6.0,0.06
3362,7.0,0.0
3363,8.0,0.11
3364,9.0,0.03
3365,10.0,0.06
3366,11.0,0.2
3367,12.0,0.26
3368,13.0,0.53
3369,14.0,0.32
3370,15.0,0.19
3371,16.0,0.54
3372,17.0,0.77
3373,18.0,0.4
3374,19.0,0.91
3375,20.0,0.02
3376,21.0,0.31
3377,22.0,0.21
3378,23.0,0.05
3379,24.0,0.14
3380,27.0,0.13
3381,28.0,0.56
3382,29.0,0.35
3383,30.0,0.11
3384,31.0,0.11
3385,32.0,0.02
3386,34.0,0.27
3387,35.0,0.0
3388,41.0,0.0
3389,54.0,0.0
3390,55.0,0.0
3391,56.0,0.0
3392,57.0,0.32
3393,58.0,0.0
3394,59.0,0.1
3395,61.0,0.29
3396,62.0,0.0
3397,63.0,0.13
3398,68.0,0.51
3399,69.0,0.06
3400,70.0,0.43
3401,73.0,0.36
3402,74.0,0.1
3403,75.0,0.01
3404,78.0,0.19
3405,79.0,0.61
3406,84.0,0.25
3407,102.0,0.24
3408,103.0,0.71
3409,104.0,0.62
3410,111.0,0.73
3411,112.0,0.02
3412,113.0,0.15
3413,114.0,0.25
3414,116.0,0.08
3415,134.0,0.49
3416,135.0,0.1
3417,141.0,0.0
3418,143.0,0.06
3419,149.0,0.0
3420,150.0,0.0
3421,155.0,0.0
3422,156.0,0.0
3423,157.0,0.0
3424,160.0,0.1
3425,161.0,0.04
3426,164.0,0.18
3427,180.0,0.0
3428,181.0,0.0
3429,187.0,0.0
3430,188.0,0.23
3431,189.0,0.46
3432,190.0,0.03
3433,191.0,0.11
3434,195.0,0.0
3435,196.0,0.0
3436,203.0,0.0
3437,205.0,0.0
3438,207.0,0.0
3439,208.0,0.0
3440,225.0,0.0
3441,230.0,0.0
3442,233.0,0.0
3443,234.0,0.0
3444,237.0,0.0
3445,244.0,0.13
3446,245.0,0.01
3447,246.0,0.0
3448,247.0,0.0
3449,248.0,0.0
3450,249.0,0.04
3451,257.0,0.0
3452,260.0,0.09
3453,261.0,0.23
3454,263.0,0.0
3455,265.0,0.01
3456,266.0,0.02
3457,267.0,0.0
3458,268.0,0.0
3459,269.0,0.0
3460,270.0,0.0
3461,271.0,0.0
3462,272.0,0.0
3463,273.0,0.03
3464,274.0,0.39
3465,275.0,0.1
3466,276.0,0.04
3467,277.0,0.48
3468,278.0,0.13
3469,279.0,0.14
3470,280.0,0.01
3471,282.0,0.13
3472,283.0,0.03
3473,285.0,0.26
3474,286.0,1.15
3475,287.0,0.63
3476,288.0,0.91
3477,289.0,0.96
3478,290.0,1.75
3479,291.0,0.05
3480,293.0,0.95
3481,294.0,0.05
3482,297.0,0.12
3483,298.0,0.79
3484,299.0,0.45
3485,300.0,0.37
3486,301.0,0.15
3487,302.0,0.06
3488,303.0,0.4
3489,309.0,0.68
3490,312.0,0.0
3491,313.0,0.0
3492,315.0,0.05
3493,316.0,0.0
3494,319.0,0.45
3495,320.0,0.04
3496,321.0,0.0
3497,326.0,0.66
3498,327.0,0.02
3499,328.0,0.96
3500,329.0,0.12
3501,330.0,0.23
3502,331.0,0.23
3503,337.0,0.2
3504,338.0,0.34
3505,339.0,0.25
3506,344.0,0.32
3507,360.0,0.32
3508,361.0,0.15
3509,19.0,0.06
3510,42.0,0.0
3511,43.0,0.0
3512,44.0,0.0
3513,45.0,0.06
3514,46.0,1.36
3515,47.0,0.29
3516,48.0,0.17
3517,50.0,0.41
3518,51.0,1.47
3519,52.0,0.33
3520,53.0,0.09
3521,57.0,0.19
3522,58.0,0.16
3523,65.0,0.51
3524,66.0,0.5
3525,67.0,0.48
3526,68.0,0.14
3527,70.0,0.24
3528,71.0,0.0
3529,72.0,0.19
3530,73.0,0.01
3531,75.0,0.01
3532,76.0,0.34
3533,77.0,0.5
3534,78.0,0.01
3535,79.0,0.43
3536,91.0,0.02
3537,95.0,0.1
3538,96.0,0.13
3539,97.0,0.3
3540,98.0,0.14
3541,99.0,0.27
3542,100.0,0.01
3543,101.0,0.31
3544,102.0,0.1
3545,103.0,0.15
3546,107.0,0.48
3547,114.0,0.1
3548,115.0,0.49
3549,116.0,0.28
3550,117.0,0.07
3551,119.0,0.1
3552,125.0,0.12
3553,130.0,0.13
3554,131.0,0.37
3555,135.0,0.35
3556,136.0,0.29
3557,137.0,0.0
3558,149.0,0.01
3559,152.0,0.04
3560,154.0,0.0
3561,158.0,0.44
3562,160.0,0.28
3563,161.0,0.39
3564,165.0,0.22
3565,166.0,0.03
3566,168.0,0.0
3567,169.0,0.0
3568,196.0,0.0
3569,209.0,0.0
3570,210.0,0.0
3571,222.0,0.0
3572,224.0,0.0
3573,225.0,0.0
3574,226.0,0.0
3575,227.0,0.0
3576,249.0,0.02
3577,250.0,0.08
3578,252.0,0.0
3579,258.0,0.0
3580,260.0,0.1
3581,261.0,0.28
3582,262.0,0.5
3583,263.0,0.04
3584,272.0,0.15
3585,273.0,0.06
3586,275.0,0.02
3587,279.0,0.0
3588,283.0,0.29
3589,284.0,0.26
3590,285.0,0.36
3591,286.0,0.2
3592,290.0,0.0
3593,291.0,0.0
3594,292.0,0.65
3595,293.0,0.44
3596,294.0,1.38
3597,295.0,0.16
3598,297.0,0.0
3599,299.0,0.02
3600,301.0,0.01
3601,303.0,0.0
3602,304.0,0.0
3603,305.0,0.0
3604,306.0,0.45
3605,307.0,0.07
3606,308.0,0.3
3607,309.0,0.43
3608,310.0,0.0
3609,311.0,0.0
3610,312.0,0.44
3611,313.0,0.48
3612,314.0,0.39
3613,315.0,0.0
3614,316.0,0.35
3615,317.0,0.23
3616,318.0,0.01
3617,319.0,1.28
3618,320.0,0.37
3619,321.0,0.02
3620,323.0,0.1
3621,326.0,0.42
3622,327.0,0.3
3623,331.0,0.04
3624,332.0,0.33
3625,333.0,0.0
3626,334.0,0.18
3627,357.0,0.0
3628,358.0,0.36
3629,360.0,0.15
3630,362.0,0.0
3631,363.0,0.31
3632,6.0,0.15
3633,10.0,0.2
3634,11.0,0.3
3635,15.0,0.2
3636,16.0,0.0
3637,17.0,0.79
3638,18.0,0.26
3639,19.0,0.07
3640,20.0,0.02
3641,21.0,0.32
3642,22.0,0.08
3643,23.0,0.56
3644,24.0,0.61
3645,25.0,0.2
3646,29.0,0.47
3647,41.0,0.01
3648,42.0,0.05
3649,44.0,0.15
3650,45.0,0.22
3651,51.0,0.25
3652,59.0,0.39
3653,60.0,0.05
3654,64.0,0.0
3655,65.0,0.0
3656,66.0,0.02
3657,67.0,0.7
3658,70.0,0.0
3659,71.0,0.31
3660,72.0,0.25
3661,75.0,0.0
3662,76.0,0.04
3663,78.0,0.0
3664,79.0,0.01
3665,80.0,0.58
3666,81.0,0.73
3667,88.0,0.0
3668,90.0,0.0
3669,91.0,0.23
3670,93.0,0.0
3671,94.0,0.1
3672,95.0,0.5
3673,96.0,0.54
3674,97.0,1.21
3675,98.0,0.11
3676,99.0,0.05
3677,100.0,0.03
3678,101.0,0.36
3679,102.0,0.29
3680,108.0,0.0
3681,109.0,0.0
3682,110.0,0.0
3683,111.0,0.0
3684,112.0,0.0
3685,113.0,0.0
3686,114.0,0.0
3687,115.0,0.0
3688,116.0,0.0
3689,117.0,0.46
3690,118.0,0.55
3691,119.0,0.13
3692,128.0,0.1
3693,129.0,0.0
3694,132.0,0.0
3695,134.0,0.0
3696,142.0,0.0
3697,143.0,0.0
3698,146.0,0.0
3699,148.0,0.0
3700,151.0,0.02
3701,157.0,0.0
3702,158.0,0.0
3703,159.0,0.55
3704,160.0,0.5
3705,161.0,0.27
3706,168.0,0.1
3707,169.0,0.0
3708,170.0,0.0
3709,171.0,0.0
3710,190.0,0.0
3711,201.0,0.0
3712,205.0,0.0
3713,206.0,0.0
3714,207.0,0.0
3715,208.0,0.0
3716,209.0,0.0
3717,210.0,0.0
3718,211.0,0.0
3719,212.0,0.0
3720,222.0,0.0
3721,223.0,0.0
3722,225.0,0.0
3723,226.0,0.0
3724,234.0,0.0
3725,235.0,0.0
3726,236.0,0.0
3727,237.0,0.01
3728,238.0,0.04
3729,250.0,0.0
3730,251.0,0.0
3731,253.0,0.08
3732,254.0,0.04
3733,255.0,0.19
3734,256.0,0.0
3735,258.0,0.0
3736,259.0,0.01
3737,262.0,0.0
3738,264.0,0.01
3739,275.0,0.0
3740,278.0,0.12
3741,279.0,0.05
3742,280.0,0.14
3743,281.0,0.15
3744,282.0,0.0
3745,283.0,0.0
3746,284.0,0.0
3747,285.0,0.0
3748,286.0,0.0
3749,287.0,0.0
3750,288.0,0.0
3751,290.0,0.0
3752,291.0,0.0
3753,292.0,0.0
3754,293.0,0.0
3755,294.0,0.0
3756,295.0,0.0
3757,296.0,0.01
3758,297.0,0.0
3759,298.0,0.0
3760,299.0,0.04
3761,300.0,0.33
3762,301.0,0.81
3763,302.0,0.26
3764,303.0,0.09
3765,304.0,0.04
3766,305.0,0.0
3767,306.0,0.0
3768,307.0,0.06
3769,308.0,0.02
3770,312.0,0.0
3771,314.0,0.0
3772,315.0,0.0
3773,316.0,0.0
3774,318.0,0.0
3775,322.0,0.0
3776,330.0,0.55
3777,331.0,0.44
3778,334.0,0.78
3779,335.0,0.33
3780,340.0,0.0
3781,341.0,0.14
3782,342.0,0.01
3783,343.0,0.35
3784,344.0,0.05
3785,345.0,0.45
3786,346.0,0.01
3787,347.0,0.0
3788,348.0,0.22
3789,350.0,0.31
3790,351.0,1.19
3791,352.0,0.49
3792,353.0,0.01
3793,354.0,0.42
3794,356.0,0.15
3795,357.0,0.71
3796,364.0,0.02
3797,7.0,0.27
3798,8.0,0.01
3799,9.0,0.33
3800,17.0,0.16
3801,18.0,0.71
3802,19.0,0.7
3803,20.0,0.33
3804,21.0,0.0
3805,24.0,0.0
3806,30.0,0.0
3807,31.0,0.0
3808,36.0,0.06
3809,41.0,0.22
3810,42.0,0.08
3811,43.0,0.45
3812,44.0,0.39
3813,45.0,0.26
3814,48.0,0.0
3815,49.0,0.03
3816,50.0,0.2
3817,51.0,0.4
3818,53.0,0.23
3819,61.0,0.0
3820,69.0,0.0
3821,70.0,0.35
3822,71.0,0.1
3823,73.0,0.0
3824,74.0,0.0
3825,89.0,0.0
3826,90.0,0.1
3827,91.0,0.77
3828,92.0,0.42
3829,93.0,0.17
3830,94.0,0.59
3831,95.0,0.44
3832,96.0,1.15
3833,97.0,1.63
3834,98.0,0.76
3835,99.0,0.02
3836,100.0,0.1
3837,101.0,0.21
3838,102.0,0.01
3839,103.0,0.17
3840,105.0,0.31
3841,106.0,0.0
3842,109.0,0.4
3843,114.0,0.0
3844,117.0,0.0
3845,119.0,0.0
3846,120.0,0.0
3847,125.0,0.0
3848,126.0,0.0
3849,127.0,0.0
3850,128.0,0.0
3851,129.0,0.0
3852,131.0,0.0
3853,133.0,0.0
3854,134.0,0.23
3855,135.0,0.19
3856,136.0,0.14
3857,137.0,0.04
3858,139.0,0.38
3859,157.0,0.03
3860,158.0,0.25
3861,159.0,0.0
3862,161.0,0.0
3863,162.0,0.0
3864,163.0,0.0
3865,164.0,0.0
3866,165.0,0.0
3867,166.0,0.0
3868,167.0,0.0
3869,168.0,0.0
3870,169.0,0.0
3871,170.0,0.01
3872,171.0,0.0
3873,172.0,0.0
3874,173.0,0.0
3875,174.0,0.0
3876,177.0,0.1
3877,178.0,0.18
3878,179.0,0.0
3879,184.0,0.0
3880,185.0,0.0
3881,188.0,0.0
3882,190.0,0.04
3883,192.0,0.0
3884,194.0,0.0
3885,195.0,0.0
3886,198.0,0.11
3887,200.0,0.0
3888,201.0,0.0
3889,202.0,0.0
3890,203.0,0.0
3891,204.0,0.0
3892,205.0,0.0
3893,206.0,0.0
3894,209.0,0.0
3895,210.0,0.0
3896,211.0,0.0
3897,212.0,0.0
3898,213.0,0.0
3899,214.0,0.0
3900,215.0,0.0
3901,244.0,0.0
3902,245.0,0.0
3903,246.0,0.0
3904,247.0,0.0
3905,248.0,0.1
3906,249.0,0.0
3907,250.0,0.17
3908,251.0,0.62
3909,252.0,0.43
3910,253.0,0.96
3911,254.0,0.0
3912,255.0,0.0
3913,256.0,0.0
3914,258.0,1.01
3915,259.0,0.51
3916,260.0,0.66
3917,261.0,0.44
3918,262.0,0.0
3919,263.0,0.0
3920,264.0,0.0
3921,265.0,0.14
3922,269.0,0.13
3923,270.0,0.35
3924,271.0,0.29
3925,272.0,0.35
3926,275.0,0.06
3927,276.0,0.17
3928,277.0,0.01
3929,280.0,0.04
3930,288.0,0.0
3931,289.0,0.21
3932,290.0,0.16
3933,297.0,0.0
3934,298.0,0.0
3935,299.0,0.0
3936,300.0,0.0
3937,301.0,0.0
3938,302.0,0.0
3939,303.0,0.0
3940,304.0,0.0
3941,305.0,0.0
3942,309.0,0.0
3943,311.0,0.0
3944,314.0,0.0
3945,315.0,0.0
3946,316.0,0.02
3947,318.0,0.21
3948,321.0,0.0
3949,322.0,0.08
3950,328.0,0.28
3951,329.0,0.12
3952,330.0,0.37
3953,331.0,0.03
3954,334.0,0.09
3955,335.0,0.03
3956,336.0,0.0
3957,337.0,0.0
3958,338.0,0.0
3959,339.0,0.0
3960,340.0,0.27
3961,341.0,0.11
3962,344.0,0.34
3963,345.0,0.1
3964,346.0,0.64
3965,347.0,0.09
3966,348.0,0.09
3967,349.0,0.0
3968,352.0,0.09
3969,353.0,0.69
3970,0.0,0.46
3971,1.0,0.18
3972,2.0,0.0
3973,3.0,0.41
3974,7.0,0.3
3975,8.0,0.27
3976,9.0,0.01
3977,10.0,0.74
3978,11.0,0.51
3979,12.0,0.4
3980,13.0,0.5
3981,14.0,0.01
3982,15.0,0.71
3983,53.0,0.02
3984,54.0,0.16
3985,55.0,0.0
3986,56.0,0.0
3987,57.0,0.0
3988,58.0,0.0
3989,60.0,0.0
3990,61.0,0.0
3991,62.0,0.0
3992,63.0,0.0
3993,64.0,0.0
3994,65.0,0.64
3995,66.0,0.07
3996,68.0,0.0
3997,69.0,0.0
3998,72.0,0.33
3999,73.0,0.21
4000,74.0,0.0
4001,75.0,0.0
4002,76.0,0.0
4003,78.0,0.0
4004,79.0,0.0
4005,80.0,0.0
4006,81.0,0.0
4007,84.0,0.01
4008,85.0,0.0
4009,86.0,0.12
4010,87.0,0.08
4011,88.0,0.47
4012,89.0,1.07
4013,90.0,0.08
4014,94.0,0.32
4015,95.0,0.08
4016,97.0,0.0
4017,98.0,0.0
4018,100.0,0.0
4019,101.0,0.0
4020,102.0,0.0
4021,103.0,0.0
4022,104.0,0.0
4023,105.0,0.0
4024,106.0,0.0
4025,107.0,0.0
4026,108.0,0.08
4027,109.0,0.0
4028,110.0,0.0
4029,111.0,0.19
4030,112.0,0.3
4031,113.0,0.29
4032,114.0,0.08
4033,116.0,0.05
4034,117.0,0.06
4035,121.0,0.04
4036,122.0,0.34
4037,124.0,0.0
4038,125.0,0.13
4039,127.0,0.0
4040,128.0,0.0
4041,129.0,0.0
4042,130.0,0.0
4043,131.0,0.09
4044,132.0,0.23
4045,133.0,0.73
4046,134.0,0.37
4047,135.0,0.0
4048,136.0,0.12
4049,137.0,0.43
4050,145.0,0.0
4051,146.0,0.0
4052,147.0,0.0
4053,148.0,0.0
4054,149.0,0.03
4055,150.0,0.6
4056,151.0,0.0
4057,152.0,0.0
4058,153.0,0.0
4059,154.0,0.0
4060,155.0,0.0
4061,157.0,0.2
4062,158.0,0.1
4063,159.0,0.07
4064,160.0,0.09
4065,161.0,0.0
4066,162.0,0.11
4067,163.0,0.32
4068,164.0,0.12
4069,165.0,0.14
4070,166.0,0.22
4071,167.0,0.35
4072,170.0,0.0
4073,171.0,0.04
4074,172.0,0.0
4075,173.0,0.0
4076,174.0,0.0
4077,175.0,0.0
4078,178.0,0.02
4079,179.0,0.08
4080,180.0,0.0
4081,181.0,0.0
4082,184.0,0.0
4083,185.0,0.0
4084,186.0,0.0
4085,187.0,0.0
4086,188.0,0.0
4087,192.0,0.0
4088,193.0,0.0
4089,194.0,0.0
4090,195.0,0.0
4091,196.0,0.0
4092,197.0,0.0
4093,198.0,0.0
4094,199.0,0.0
4095,200.0,0.0
4096,201.0,0.0
4097,202.0,0.0
4098,206.0,0.0
4099,207.0,0.0
4100,208.0,0.0
4101,209.0,0.0
4102,210.0,0.0
4103,211.0,0.0
4104,212.0,0.0
4105,213.0,0.0
4106,214.0,0.0
4107,215.0,0.0
4108,219.0,0.0
4109,220.0,0.0
4110,221.0,0.0
4111,222.0,0.0
4112,223.0,0.0
4113,224.0,0.0
4114,225.0,0.0
4115,233.0,0.01
4116,234.0,0.0
4117,235.0,0.0
4118,236.0,0.0
4119,237.0,0.0
4120,238.0,0.0
4121,239.0,0.0
4122,240.0,0.0
4123,241.0,0.0
4124,242.0,0.0
4125,243.0,0.0
4126,246.0,0.0
4127,247.0,0.0
4128,248.0,0.0
4129,249.0,0.0
4130,250.0,0.0
4131,251.0,0.0
4132,252.0,0.0
4133,253.0,0.0
4134,254.0,0.0
4135,255.0,0.0
4136,256.0,0.0
4137,257.0,0.0
4138,258.0,0.0
4139,259.0,0.0
4140,260.0,0.4
4141,261.0,0.58
4142,262.0,0.0
4143,263.0,0.0
4144,264.0,0.0
4145,265.0,0.0
4146,266.0,0.4
4147,267.0,0.0
4148,268.0,0.23
4149,276.0,0.0
4150,277.0,0.0
4151,278.0,0.0
4152,279.0,0.0
4153,280.0,0.0
4154,281.0,0.0
4155,282.0,0.72
4156,283.0,0.36
4157,286.0,0.15
4158,287.0,0.0
4159,288.0,0.0
4160,296.0,0.02
4161,297.0,0.04
4162,298.0,0.0
4163,300.0,0.0
4164,301.0,0.0
4165,304.0,0.0
4166,307.0,0.01
4167,308.0,0.0
4168,309.0,0.33
4169,310.0,0.04
4170,311.0,0.06
4171,312.0,0.0
4172,313.0,0.07
4173,314.0,0.08
4174,316.0,0.58
4175,317.0,0.54
4176,318.0,1.15
4177,319.0,0.47
4178,321.0,0.55
4179,322.0,0.83
4180,325.0,0.0
4181,326.0,0.21
4182,327.0,0.04
4183,328.0,0.36
4184,332.0,0.0
4185,339.0,0.21
4186,342.0,0.17
4187,343.0,0.0
4188,344.0,0.07
4189,345.0,0.4
4190,346.0,0.51
4191,349.0,0.01
4192,352.0,0.06
4193,353.0,1.1
4194,354.0,0.32
4195,355.0,0.12
4196,356.0,0.06
4197,357.0,0.0
4198,358.0,0.06
4199,359.0,0.98
4200,360.0,0.01
4201,361.0,0.0
4202,362.0,0.0
4203,364.0,0.4
